"","Rk","Team","Date","Spread...4","Day","G#","Week","...8","Opp","Result","Spread...11","vs. Line","Over/Under","OU Result"
"1",1,"LAR",2022-09-08,2.5,"Thu",1,1,NA,"BUF","L 10-31",2.5,"did not cover",52,"under"
"2",2,"ATL",2022-09-11,5.5,"Sun",1,1,NA,"NOR","L 26-27",5.5,"covered",43.5,"over"
"3",3,"PIT",2022-09-11,7,"Sun",1,1,"@","CIN","W 23-20 (OT)",7,"covered",44,"under"
"4",4,"CHI",2022-09-11,6,"Sun",1,1,NA,"SFO","W 19-10",6,"covered",38,"under"
"5",5,"CLE",2022-09-11,1.5,"Sun",1,1,"@","CAR","W 26-24",1.5,"covered",42,"over"
"6",6,"ARI",2022-09-11,6.5,"Sun",1,1,NA,"KAN","L 21-44",6.5,"did not cover",54,"over"
"7",7,"DAL",2022-09-11,2,"Sun",1,1,NA,"TAM","L 3-19",2,"did not cover",50,"under"
"8",8,"LVR",2022-09-11,3.5,"Sun",1,1,"@","LAC","L 19-24",3.5,"did not cover",52.5,"under"
"9",9,"DET",2022-09-11,6,"Sun",1,1,NA,"PHI","L 35-38",6,"covered",48.5,"over"
"10",10,"GNB",2022-09-11,2.5,"Sun",1,1,"@","MIN","L 7-23",2.5,"did not cover",46,"under"
"11",11,"HOU",2022-09-11,7,"Sun",1,1,NA,"IND","T 20-20 (OT)",7,"covered",45.5,"under"
"12",12,"JAX",2022-09-11,3,"Sun",1,1,"@","WAS","L 22-28",3,"did not cover",43,"over"
"13",13,"NWE",2022-09-11,3,"Sun",1,1,"@","MIA","L 7-20",3,"did not cover",46,"under"
"14",14,"NYG",2022-09-11,5,"Sun",1,1,"@","TEN","W 21-20",5,"covered",44,"under"
"15",15,"NYJ",2022-09-11,6.5,"Sun",1,1,NA,"BAL","L 9-24",6.5,"did not cover",44,"under"
"16",16,"SEA",2022-09-12,6.5,"Mon",1,1,NA,"DEN","W 17-16",6.5,"covered",44.5,"under"
"17",17,"LAC",2022-09-15,4,"Thu",2,2,"@","KAN","L 24-27",4,"covered",54,"under"
"18",18,"ATL",2022-09-18,10,"Sun",2,2,"@","LAR","L 27-31",10,"covered",46.5,"over"
"19",19,"CAR",2022-09-18,2,"Sun",2,2,"@","NYG","L 16-19",2,"did not cover",43.5,"under"
"20",20,"CHI",2022-09-18,10,"Sun",2,2,"@","GNB","L 10-27",10,"did not cover",41.5,"under"
"21",21,"SEA",2022-09-18,9,"Sun",2,2,"@","SFO","L 7-27",9,"did not cover",40.5,"under"
"22",22,"ARI",2022-09-18,5.5,"Sun",2,2,"@","LVR","W 29-23 (OT)",5.5,"covered",51.5,"over"
"23",23,"DAL",2022-09-18,7,"Sun",2,2,NA,"CIN","W 20-17",7,"covered",42,"under"
"24",24,"HOU",2022-09-18,10,"Sun",2,2,"@","DEN","L 9-16",10,"covered",45.5,"under"
"25",25,"WAS",2022-09-18,1.5,"Sun",2,2,"@","DET","L 27-36",1.5,"did not cover",48.5,"over"
"26",26,"PIT",2022-09-18,2.5,"Sun",2,2,NA,"NWE","L 14-17",2.5,"did not cover",40.5,"under"
"27",27,"JAX",2022-09-18,3,"Sun",2,2,NA,"IND","W 24-0",3,"covered",45,"under"
"28",28,"MIA",2022-09-18,3.5,"Sun",2,2,"@","BAL","W 42-38",3.5,"covered",44.5,"over"
"29",29,"NOR",2022-09-18,2.5,"Sun",2,2,NA,"TAM","L 10-20",2.5,"did not cover",44,"under"
"30",30,"NYJ",2022-09-18,6.5,"Sun",2,2,"@","CLE","W 31-30",6.5,"covered",39.5,"over"
"31",31,"MIN",2022-09-19,2.5,"Mon",2,2,"@","PHI","L 7-24",2.5,"did not cover",50.5,"under"
"32",32,"TEN",2022-09-19,10,"Mon",2,2,"@","BUF","L 7-41",10,"did not cover",47.5,"over"
"33",33,"PIT",2022-09-22,4.5,"Thu",3,3,"@","CLE","L 17-29",4.5,"did not cover",38.5,"over"
"34",34,"ATL",2022-09-25,1,"Sun",3,3,"@","SEA","W 27-23",1,"covered",42,"over"
"35",35,"CAR",2022-09-25,2.5,"Sun",3,3,NA,"NOR","W 22-14",2.5,"covered",41,"under"
"36",36,"IND",2022-09-25,5.5,"Sun",3,3,NA,"KAN","W 20-17",5.5,"covered",51,"under"
"37",37,"ARI",2022-09-25,3.5,"Sun",3,3,NA,"LAR","L 12-20",3.5,"did not cover",48.5,"under"
"38",38,"WAS",2022-09-25,6,"Sun",3,3,NA,"PHI","L 8-24",6,"did not cover",47.5,"under"
"39",39,"DEN",2022-09-25,1.5,"Sun",3,3,NA,"SFO","W 11-10",1.5,"covered",44.5,"under"
"40",40,"DET",2022-09-25,6,"Sun",3,3,"@","MIN","L 24-28",6,"covered",52.5,"under"
"41",41,"GNB",2022-09-25,1,"Sun",3,3,"@","TAM","W 14-12",1,"covered",42,"under"
"42",42,"HOU",2022-09-25,3,"Sun",3,3,"@","CHI","L 20-23",3,"push",39,"over"
"43",43,"JAX",2022-09-25,3,"Sun",3,3,"@","LAC","W 38-10",3,"covered",42.5,"over"
"44",44,"MIA",2022-09-25,4.5,"Sun",3,3,NA,"BUF","W 21-19",4.5,"covered",53,"under"
"45",45,"NWE",2022-09-25,2.5,"Sun",3,3,NA,"BAL","L 26-37",2.5,"did not cover",44,"over"
"46",46,"NYJ",2022-09-25,6,"Sun",3,3,NA,"CIN","L 12-27",6,"did not cover",45,"under"
"47",47,"TEN",2022-09-25,2,"Sun",3,3,NA,"LVR","W 24-22",2,"covered",45.5,"over"
"48",48,"DAL",2022-09-26,1,"Mon",3,3,"@","NYG","W 23-16",1,"covered",39,"push"
"49",49,"MIA",2022-09-29,3.5,"Thu",4,4,"@","CIN","L 15-27",3.5,"did not cover",47.5,"under"
"50",50,"ATL",2022-10-02,1,"Sun",4,4,NA,"CLE","W 23-20",1,"covered",47.5,"under"
"51",51,"CHI",2022-10-02,3,"Sun",4,4,"@","NYG","L 12-20",3,"did not cover",39,"under"
"52",52,"WAS",2022-10-02,3,"Sun",4,4,"@","DAL","L 10-25",3,"did not cover",41.5,"under"
"53",53,"ARI",2022-10-02,1,"Sun",4,4,"@","CAR","W 26-16",1,"covered",43.5,"under"
"54",54,"DEN",2022-10-02,2.5,"Sun",4,4,"@","LVR","L 23-32",2.5,"did not cover",45.5,"over"
"55",55,"HOU",2022-10-02,6,"Sun",4,4,NA,"LAC","L 24-34",6,"did not cover",45,"over"
"56",56,"JAX",2022-10-02,6.5,"Sun",4,4,"@","PHI","L 21-29",6.5,"did not cover",45.5,"over"
"57",57,"KAN",2022-10-02,1,"Sun",4,4,"@","TAM","W 41-31",1,"covered",46,"over"
"58",58,"NOR",2022-10-02,3.5,"Sun",4,4,NA,"MIN","L 25-28",3.5,"covered",42,"over"
"59",59,"SEA",2022-10-02,3.5,"Sun",4,4,"@","DET","W 48-45",3.5,"covered",48,"over"
"60",60,"NWE",2022-10-02,9.5,"Sun",4,4,"@","GNB","L 24-27 (OT)",9.5,"covered",40,"over"
"61",61,"BAL",2022-10-02,3,"Sun",4,4,NA,"BUF","L 20-23",3,"push",51,"under"
"62",62,"NYJ",2022-10-02,3.5,"Sun",4,4,"@","PIT","W 24-20",3.5,"covered",41.5,"over"
"63",63,"TEN",2022-10-02,3.5,"Sun",4,4,"@","IND","W 24-17",3.5,"covered",43,"under"
"64",64,"LAR",2022-10-03,1.5,"Mon",4,4,"@","SFO","L 9-24",1.5,"did not cover",42.5,"under"
"65",65,"IND",2022-10-06,3,"Thu",5,5,"@","DEN","W 12-9 (OT)",3,"covered",42,"under"
"66",66,"ATL",2022-10-09,10,"Sun",5,5,"@","TAM","L 15-21",10,"covered",46.5,"under"
"67",67,"CAR",2022-10-09,6.5,"Sun",5,5,NA,"SFO","L 15-37",6.5,"did not cover",39.5,"over"
"68",68,"CHI",2022-10-09,7.5,"Sun",5,5,"@","MIN","L 22-29",7.5,"covered",44,"over"
"69",69,"CIN",2022-10-09,3.5,"Sun",5,5,"@","BAL","L 17-19",3.5,"covered",47.5,"under"
"70",70,"CLE",2022-10-09,1,"Sun",5,5,NA,"LAC","L 28-30",1,"did not cover",47,"over"
"71",71,"ARI",2022-10-09,5,"Sun",5,5,NA,"PHI","L 17-20",5,"covered",49,"under"
"72",72,"DAL",2022-10-09,5.5,"Sun",5,5,"@","LAR","W 22-10",5.5,"covered",42,"under"
"73",73,"DET",2022-10-09,3,"Sun",5,5,"@","NWE","L 0-29",3,"did not cover",45.5,"under"
"74",74,"HOU",2022-10-09,7,"Sun",5,5,"@","JAX","W 13-6",7,"covered",43.5,"under"
"75",75,"WAS",2022-10-09,2,"Sun",5,5,NA,"TEN","L 17-21",2,"did not cover",43,"under"
"76",76,"SEA",2022-10-09,5,"Sun",5,5,"@","NOR","L 32-39",5,"did not cover",45,"over"
"77",77,"NYG",2022-10-09,8,"Sun",5,5,"@","GNB","W 27-22",8,"covered",41.5,"over"
"78",78,"PIT",2022-10-09,14,"Sun",5,5,"@","BUF","L 3-38",14,"did not cover",45.5,"under"
"79",79,"NYJ",2022-10-09,3.5,"Sun",5,5,NA,"MIA","W 40-17",3.5,"covered",45,"over"
"80",80,"LVR",2022-10-10,7,"Mon",5,5,"@","KAN","L 29-30",7,"covered",51.5,"over"
"81",81,"CHI",2022-10-13,1,"Thu",6,6,NA,"WAS","L 7-12",1,"did not cover",38,"under"
"82",82,"ATL",2022-10-16,4.5,"Sun",6,6,NA,"SFO","W 28-14",4.5,"covered",45,"under"
"83",83,"SEA",2022-10-16,2.5,"Sun",6,6,NA,"ARI","W 19-9",2.5,"covered",50.5,"under"
"84",84,"CAR",2022-10-16,10,"Sun",6,6,"@","LAR","L 10-24",10,"did not cover",41.5,"under"
"85",85,"DAL",2022-10-16,6.5,"Sun",6,6,"@","PHI","L 17-26",6.5,"did not cover",42,"over"
"86",86,"PIT",2022-10-16,9.5,"Sun",6,6,NA,"TAM","W 20-18",9.5,"covered",46,"under"
"87",87,"JAX",2022-10-16,1.5,"Sun",6,6,"@","IND","L 27-34",1.5,"did not cover",41,"over"
"88",88,"KAN",2022-10-16,2.5,"Sun",6,6,NA,"BUF","L 20-24",2.5,"did not cover",54,"under"
"89",89,"MIA",2022-10-16,3,"Sun",6,6,NA,"MIN","L 16-24",3,"did not cover",45.5,"under"
"90",90,"NOR",2022-10-16,3,"Sun",6,6,NA,"CIN","L 26-30",3,"did not cover",43,"over"
"91",91,"NWE",2022-10-16,2.5,"Sun",6,6,"@","CLE","W 38-15",2.5,"covered",43,"over"
"92",92,"NYG",2022-10-16,5.5,"Sun",6,6,NA,"BAL","W 24-20",5.5,"covered",45.5,"under"
"93",93,"NYJ",2022-10-16,7.5,"Sun",6,6,"@","GNB","W 27-10",7.5,"covered",45,"under"
"94",94,"DEN",2022-10-17,4.5,"Mon",6,6,"@","LAC","L 16-19 (OT)",4.5,"covered",45.5,"under"
"95",95,"NOR",2022-10-20,2.5,"Thu",7,7,"@","ARI","L 34-42",2.5,"did not cover",44,"over"
"96",96,"ATL",2022-10-23,6.5,"Sun",7,7,"@","CIN","L 17-35",6.5,"did not cover",47,"over"
"97",97,"CAR",2022-10-23,13,"Sun",7,7,NA,"TAM","W 21-3",13,"covered",39.5,"under"
"98",98,"PIT",2022-10-23,7.5,"Sun",7,7,"@","MIA","L 10-16",7.5,"covered",44.5,"under"
"99",99,"CLE",2022-10-23,6.5,"Sun",7,7,"@","BAL","L 20-23",6.5,"covered",45.5,"under"
"100",100,"IND",2022-10-23,2.5,"Sun",7,7,"@","TEN","L 10-19",2.5,"did not cover",41.5,"under"
"101",101,"DEN",2022-10-23,1.5,"Sun",7,7,NA,"NYJ","L 9-16",1.5,"did not cover",37,"under"
"102",102,"DET",2022-10-23,6.5,"Sun",6,7,"@","DAL","L 6-24",6.5,"did not cover",49,"under"
"103",103,"HOU",2022-10-23,7,"Sun",6,7,"@","LVR","L 20-38",7,"did not cover",46,"over"
"104",104,"WAS",2022-10-23,4.5,"Sun",7,7,NA,"GNB","W 23-21",4.5,"covered",41.5,"over"
"105",105,"SFO",2022-10-23,1,"Sun",7,7,NA,"KAN","L 23-44",1,"did not cover",49,"over"
"106",106,"NYG",2022-10-23,3,"Sun",7,7,"@","JAX","W 23-17",3,"covered",43.5,"under"
"107",107,"SEA",2022-10-23,4.5,"Sun",7,7,"@","LAC","W 37-23",4.5,"covered",50.5,"over"
"108",108,"CHI",2022-10-24,8.5,"Mon",7,7,"@","NWE","W 33-14",8.5,"covered",40.5,"over"
"109",109,"BAL",2022-10-27,1.5,"Thu",8,8,"@","TAM","W 27-22",1.5,"covered",45.5,"over"
"110",110,"CAR",2022-10-30,4,"Sun",8,8,"@","ATL","L 34-37 (OT)",4,"covered",41,"over"
"111",111,"SFO",2022-10-30,2.5,"Sun",8,8,"@","LAR","W 31-14",2.5,"covered",42,"over"
"112",112,"CHI",2022-10-30,10,"Sun",8,8,"@","DAL","L 29-49",10,"did not cover",42.5,"over"
"113",113,"ARI",2022-10-30,3.5,"Sun",8,8,"@","MIN","L 26-34",3.5,"did not cover",48.5,"over"
"114",114,"PIT",2022-10-30,10.5,"Sun",8,8,"@","PHI","L 13-35",10.5,"did not cover",43,"over"
"115",115,"DEN",2022-10-30,2,"Sun",8,8,"@","JAX","W 21-17",2,"covered",40.5,"under"
"116",116,"DET",2022-10-30,3.5,"Sun",7,8,NA,"MIA","L 27-31",3.5,"did not cover",51.5,"over"
"117",117,"GNB",2022-10-30,10.5,"Sun",8,8,"@","BUF","L 17-27",10.5,"covered",47,"under"
"118",118,"HOU",2022-10-30,3.5,"Sun",7,8,NA,"TEN","L 10-17",3.5,"did not cover",39,"under"
"119",119,"WAS",2022-10-30,3,"Sun",8,8,"@","IND","W 17-16",3,"covered",39.5,"under"
"120",120,"NOR",2022-10-30,1.5,"Sun",8,8,NA,"LVR","W 24-0",1.5,"covered",49.5,"under"
"121",121,"NYG",2022-10-30,3,"Sun",8,8,"@","SEA","L 13-27",3,"did not cover",44.5,"under"
"122",122,"NYJ",2022-10-30,2.5,"Sun",8,8,NA,"NWE","L 17-22",2.5,"did not cover",40,"under"
"123",123,"CLE",2022-10-31,3,"Mon",8,8,NA,"CIN","W 32-13",3,"covered",45,"push"
"124",124,"HOU",2022-11-03,13.5,"Thu",8,9,NA,"PHI","L 17-29",13.5,"covered",45.5,"over"
"125",125,"ATL",2022-11-06,3,"Sun",9,9,NA,"LAC","L 17-20",3,"push",49.5,"under"
"126",126,"CAR",2022-11-06,7,"Sun",9,9,"@","CIN","L 21-42",7,"did not cover",42.5,"over"
"127",127,"CHI",2022-11-06,4,"Sun",9,9,NA,"MIA","L 32-35",4,"covered",45.5,"over"
"128",128,"IND",2022-11-06,5,"Sun",9,9,"@","NWE","L 3-26",5,"did not cover",40.5,"under"
"129",129,"LAR",2022-11-06,3,"Sun",8,9,"@","TAM","L 13-16",3,"push",42.5,"under"
"130",130,"DET",2022-11-06,3.5,"Sun",8,9,NA,"GNB","W 15-9",3.5,"covered",49.5,"under"
"131",131,"JAX",2022-11-06,2.5,"Sun",9,9,NA,"LVR","W 27-20",2.5,"covered",48,"under"
"132",132,"WAS",2022-11-06,3,"Sun",9,9,NA,"MIN","L 17-20",3,"push",43.5,"under"
"133",133,"NYJ",2022-11-06,11,"Sun",9,9,NA,"BUF","W 20-17",11,"covered",46,"under"
"134",134,"TEN",2022-11-06,12.5,"Sun",8,9,"@","KAN","L 17-20 (OT)",12.5,"covered",45.5,"under"
"135",135,"SEA",2022-11-06,2,"Sun",9,9,"@","ARI","W 31-21",2,"covered",49,"over"
"136",136,"NOR",2022-11-07,1.5,"Mon",9,9,NA,"BAL","L 13-27",1.5,"did not cover",46.5,"under"
"137",137,"CAR",2022-11-10,2.5,"Thu",10,10,NA,"ATL","W 25-15",2.5,"covered",41.5,"under"
"138",138,"CLE",2022-11-13,3.5,"Sun",9,10,"@","MIA","L 17-39",3.5,"did not cover",49.5,"over"
"139",139,"IND",2022-11-13,4,"Sun",10,10,"@","LVR","W 25-20",4,"covered",41,"over"
"140",140,"ARI",2022-11-13,2.5,"Sun",10,10,"@","LAR","W 27-17",2.5,"covered",39.5,"over"
"141",141,"DEN",2022-11-13,2.5,"Sun",9,10,"@","TEN","L 10-17",2.5,"did not cover",39,"under"
"142",142,"DET",2022-11-13,2.5,"Sun",9,10,"@","CHI","W 31-30",2.5,"covered",48.5,"over"
"143",143,"SEA",2022-11-13,2.5,"Sun",10,10,"@","TAM","L 16-21",2.5,"did not cover",45,"under"
"144",144,"GNB",2022-11-13,4,"Sun",10,10,NA,"DAL","W 31-28 (OT)",4,"covered",44.5,"over"
"145",145,"HOU",2022-11-13,4.5,"Sun",9,10,"@","NYG","L 16-24",4.5,"did not cover",41,"under"
"146",146,"LAC",2022-11-13,7.5,"Sun",9,10,"@","SFO","L 16-22",7.5,"covered",45,"under"
"147",147,"JAX",2022-11-13,9,"Sun",10,10,"@","KAN","L 17-27",9,"did not cover",51,"under"
"148",148,"MIN",2022-11-13,6.5,"Sun",9,10,"@","BUF","W 33-30 (OT)",6.5,"covered",44.5,"over"
"149",149,"PIT",2022-11-13,1,"Sun",9,10,NA,"NOR","W 20-10",1,"covered",40,"under"
"150",150,"WAS",2022-11-14,10.5,"Mon",10,10,"@","PHI","W 32-21",10.5,"covered",43.5,"over"
"151",151,"TEN",2022-11-17,3,"Thu",10,11,"@","GNB","W 27-17",3,"covered",41,"over"
"152",152,"CAR",2022-11-20,13,"Sun",11,11,"@","BAL","L 3-13",13,"covered",41.5,"under"
"153",153,"CHI",2022-11-20,2.5,"Sun",11,11,"@","ATL","L 24-27",2.5,"did not cover",49,"over"
"154",154,"CLE",2022-11-20,7.5,"Sun",10,11,"@","BUF","L 23-31",7.5,"did not cover",50,"over"
"155",155,"LVR",2022-11-20,2.5,"Sun",10,11,"@","DEN","W 22-16 (OT)",2.5,"covered",41,"under"
"156",156,"IND",2022-11-20,6.5,"Sun",11,11,NA,"PHI","L 16-17",6.5,"covered",45.5,"under"
"157",157,"LAR",2022-11-20,2.5,"Sun",10,11,"@","NOR","L 20-27",2.5,"did not cover",39,"over"
"158",158,"DET",2022-11-20,3,"Sun",10,11,"@","NYG","W 31-18",3,"covered",44.5,"over"
"159",159,"HOU",2022-11-20,3,"Sun",10,11,NA,"WAS","L 10-23",3,"did not cover",41,"under"
"160",160,"LAC",2022-11-20,5,"Sun",10,11,NA,"KAN","L 27-30",5,"covered",52.5,"over"
"161",161,"MIN",2022-11-20,1.5,"Sun",10,11,NA,"DAL","L 3-40",1.5,"did not cover",48.5,"under"
"162",162,"PIT",2022-11-20,3.5,"Sun",10,11,NA,"CIN","L 30-37",3.5,"did not cover",40,"over"
"163",163,"NYJ",2022-11-20,3.5,"Sun",10,11,"@","NWE","L 3-10",3.5,"did not cover",38,"under"
"164",164,"ARI",2022-11-21,8,"Mon",11,11,NA,"SFO","L 10-38",8,"did not cover",43,"over"
"165",165,"DET",2022-11-24,9.5,"Thu",11,12,NA,"BUF","L 25-28",9.5,"covered",54.5,"under"
"166",166,"NWE",2022-11-24,2.5,"Thu",11,12,"@","MIN","L 26-33",2.5,"did not cover",42.5,"over"
"167",167,"NYG",2022-11-24,10,"Thu",11,12,"@","DAL","L 20-28",10,"covered",45.5,"over"
"168",168,"ATL",2022-11-27,4,"Sun",12,12,"@","WAS","L 13-19",4,"did not cover",40.5,"under"
"169",169,"CAR",2022-11-27,1,"Sun",12,12,NA,"DEN","W 23-10",1,"covered",36,"under"
"170",170,"LVR",2022-11-27,4,"Sun",11,12,"@","SEA","W 40-34 (OT)",4,"covered",47.5,"over"
"171",171,"CHI",2022-11-27,7,"Sun",12,12,"@","NYJ","L 10-31",7,"did not cover",38.5,"over"
"172",172,"CLE",2022-11-27,3,"Sun",11,12,NA,"TAM","W 23-17 (OT)",3,"covered",42,"under"
"173",173,"ARI",2022-11-27,2.5,"Sun",12,12,NA,"LAC","L 24-25",2.5,"covered",48.5,"over"
"174",174,"GNB",2022-11-27,6.5,"Sun",12,12,"@","PHI","L 33-40",6.5,"did not cover",46,"over"
"175",175,"LAR",2022-11-27,15.5,"Sun",11,12,"@","KAN","L 10-26",15.5,"did not cover",42,"under"
"176",176,"HOU",2022-11-27,14,"Sun",11,12,"@","MIA","L 15-30",14,"did not cover",47,"under"
"177",177,"JAX",2022-11-27,3.5,"Sun",11,12,NA,"BAL","W 28-27",3.5,"covered",43,"over"
"178",178,"NOR",2022-11-27,9,"Sun",12,12,"@","SFO","L 0-13",9,"did not cover",43,"under"
"179",179,"TEN",2022-11-27,1.5,"Sun",11,12,NA,"CIN","L 16-20",1.5,"did not cover",43,"under"
"180",180,"PIT",2022-11-28,2.5,"Mon",11,12,"@","IND","W 24-17",2.5,"covered",39.5,"over"
"181",181,"NWE",2022-12-01,3.5,"Thu",12,13,NA,"BUF","L 10-24",3.5,"did not cover",43.5,"under"
"182",182,"CHI",2022-12-04,4.5,"Sun",13,13,NA,"GNB","L 19-28",4.5,"did not cover",45,"over"
"183",183,"LAR",2022-12-04,7,"Sun",12,13,NA,"SEA","L 23-27",7,"covered",41,"over"
"184",184,"CIN",2022-12-04,2.5,"Sun",12,13,NA,"KAN","W 27-24",2.5,"covered",53,"under"
"185",185,"IND",2022-12-04,10.5,"Sun",13,13,"@","DAL","L 19-54",10.5,"did not cover",44.5,"over"
"186",186,"PIT",2022-12-04,1,"Sun",12,13,"@","ATL","W 19-16",1,"covered",43,"under"
"187",187,"DEN",2022-12-04,9.5,"Sun",12,13,"@","BAL","L 9-10",9.5,"covered",39.5,"under"
"188",188,"HOU",2022-12-04,8,"Sun",12,13,NA,"CLE","L 14-27",8,"did not cover",46.5,"under"
"189",189,"JAX",2022-12-04,1,"Sun",12,13,"@","DET","L 14-40",1,"did not cover",51,"over"
"190",190,"MIA",2022-12-04,4.5,"Sun",12,13,"@","SFO","L 17-33",4.5,"did not cover",45.5,"over"
"191",191,"LAC",2022-12-04,2.5,"Sun",12,13,"@","LVR","L 20-27",2.5,"did not cover",49.5,"under"
"192",192,"NYG",2022-12-04,2,"Sun",12,13,NA,"WAS","T 20-20 (OT)",2,"covered",40.5,"under"
"193",193,"NYJ",2022-12-04,3,"Sun",12,13,"@","MIN","L 22-27",3,"did not cover",44.5,"over"
"194",194,"TEN",2022-12-04,4,"Sun",12,13,"@","PHI","L 10-35",4,"did not cover",44,"over"
"195",195,"NOR",2022-12-05,3,"Mon",13,13,"@","TAM","L 16-17",3,"covered",41,"under"
"196",196,"LAR",2022-12-08,6,"Thu",13,14,NA,"LVR","W 17-16",6,"covered",44.5,"under"
"197",197,"CLE",2022-12-11,5.5,"Sun",13,14,"@","CIN","L 10-23",5.5,"did not cover",46.5,"under"
"198",198,"HOU",2022-12-11,17,"Sun",13,14,"@","DAL","L 23-27",17,"covered",44,"over"
"199",199,"BAL",2022-12-11,1.5,"Sun",13,14,"@","PIT","W 16-14",1.5,"covered",36.5,"under"
"200",200,"NYJ",2022-12-11,10,"Sun",13,14,"@","BUF","L 12-20",10,"covered",43,"under"
"201",201,"TAM",2022-12-11,3.5,"Sun",13,14,"@","SFO","L 7-35",3.5,"did not cover",37.5,"over"
"202",202,"BAL",2022-12-11,1.5,"Sun",13,14,"@","PIT","W 16-14",1.5,"covered",36.5,"under"
"203",203,"MIN",2022-12-11,2,"Sun",13,14,"@","DET","L 23-34",2,"did not cover",51.5,"over"
"204",204,"LAC",2022-12-11,3,"Sun",13,14,NA,"MIA","W 23-17",3,"covered",53.5,"under"
"205",205,"NYG",2022-12-11,7,"Sun",13,14,NA,"PHI","L 22-48",7,"did not cover",45,"over"
"206",206,"NYJ",2022-12-11,10,"Sun",13,14,"@","BUF","L 12-20",10,"covered",43,"under"
"207",207,"JAX",2022-12-11,3.5,"Sun",13,14,"@","TEN","W 36-22",3.5,"covered",41,"over"
"208",208,"ARI",2022-12-12,1.5,"Mon",13,14,NA,"NWE","L 13-27",1.5,"did not cover",43.5,"under"
"209",209,"SEA",2022-12-15,3,"Thu",14,15,NA,"SFO","L 13-21",3,"did not cover",43,"under"
"210",210,"MIA",2022-12-17,7,"Sat",14,15,"@","BUF","L 29-32",7,"covered",43.5,"over"
"211",211,"BAL",2022-12-17,3,"Sat",14,15,"@","CLE","L 3-13",3,"did not cover",38,"under"
"212",212,"IND",2022-12-17,3.5,"Sat",14,15,"@","MIN","L 36-39 (OT)",3.5,"covered",47.5,"over"
"213",213,"TEN",2022-12-18,3,"Sun",14,15,"@","LAC","L 14-17",3,"push",46.5,"under"
"214",214,"ARI",2022-12-18,1.5,"Sun",14,15,"@","DEN","L 15-24",1.5,"did not cover",36.5,"over"
"215",215,"HOU",2022-12-18,14.5,"Sun",14,15,NA,"KAN","L 24-30 (OT)",14.5,"covered",48.5,"over"
"216",216,"TAM",2022-12-18,3.5,"Sun",14,15,NA,"CIN","L 23-34",3.5,"did not cover",45,"over"
"217",217,"DET",2022-12-18,1,"Sun",14,15,"@","NYJ","W 20-17",1,"covered",43.5,"under"
"218",218,"ATL",2022-12-18,4,"Sun",14,15,"@","NOR","L 18-21",4,"covered",43.5,"under"
"219",219,"PIT",2022-12-18,2.5,"Sun",14,15,"@","CAR","W 24-16",2.5,"covered",37.5,"over"
"220",220,"NWE",2022-12-18,1.5,"Sun",14,15,"@","LVR","L 24-30",1.5,"did not cover",45,"over"
"221",221,"CHI",2022-12-18,8.5,"Sun",14,15,NA,"PHI","L 20-25",8.5,"covered",48.5,"under"
"222",222,"NYG",2022-12-18,4.5,"Sun",14,15,"@","WAS","W 20-12",4.5,"covered",40.5,"under"
"223",223,"JAX",2022-12-18,4,"Sun",14,15,NA,"DAL","W 40-34 (OT)",4,"covered",48,"over"
"224",224,"LAR",2022-12-19,7,"Mon",14,15,"@","GNB","L 12-24",7,"did not cover",39.5,"under"
"225",225,"JAX",2022-12-22,2,"Thu",15,16,"@","NYJ","W 19-3",2,"covered",37,"under"
"226",226,"HOU",2022-12-24,3,"Sat",15,16,"@","TEN","W 19-14",3,"covered",35.5,"under"
"227",227,"CAR",2022-12-24,2.5,"Sat",15,16,NA,"DET","W 37-23",2.5,"covered",43.5,"over"
"228",228,"SEA",2022-12-24,10,"Sat",15,16,"@","KAN","L 10-24",10,"did not cover",49.5,"under"
"229",229,"ATL",2022-12-24,6.5,"Sat",15,16,"@","BAL","L 9-17",6.5,"did not cover",34.5,"under"
"230",230,"LVR",2022-12-24,2,"Sat",15,16,"@","PIT","L 10-13",2,"did not cover",38,"under"
"231",231,"NOR",2022-12-24,3,"Sat",15,16,"@","CLE","W 17-10",3,"covered",32,"under"
"232",232,"NWE",2022-12-24,3,"Sat",15,16,NA,"CIN","L 18-22",3,"did not cover",41.5,"under"
"233",233,"CHI",2022-12-24,8,"Sat",15,16,NA,"BUF","L 13-35",8,"did not cover",40,"over"
"234",234,"WAS",2022-12-24,6.5,"Sat",15,16,"@","SFO","L 20-37",6.5,"did not cover",37.5,"over"
"235",235,"NYG",2022-12-24,4,"Sat",15,16,"@","MIN","L 24-27",4,"covered",49.5,"over"
"236",236,"PHI",2022-12-24,4.5,"Sat",15,16,"@","DAL","L 34-40",4.5,"did not cover",47,"over"
"237",237,"ARI",2022-12-25,7.5,"Sun",15,16,NA,"TAM","L 16-19 (OT)",7.5,"covered",40.5,"under"
"238",238,"LAR",2022-12-25,3,"Sun",15,16,NA,"DEN","W 51-14",3,"covered",36.5,"over"
"239",239,"GNB",2022-12-25,3.5,"Sun",15,16,"@","MIA","W 26-20",3.5,"covered",49.5,"under"
"240",240,"IND",2022-12-26,4,"Mon",15,16,NA,"LAC","L 3-20",4,"did not cover",45.5,"under"
"241",241,"TEN",2022-12-29,12.5,"Thu",16,17,NA,"DAL","L 13-27",12.5,"did not cover",39.5,"over"
"242",242,"MIA",2023-01-01,2.5,"Sun",16,17,"@","NWE","L 21-23",2.5,"covered",41,"over"
"243",243,"ARI",2023-01-01,6,"Sun",16,17,"@","ATL","L 19-20",6,"covered",41,"under"
"244",244,"HOU",2023-01-01,3,"Sun",16,17,NA,"JAX","L 3-31",3,"did not cover",43,"under"
"245",245,"DEN",2023-01-01,12.5,"Sun",16,17,"@","KAN","L 24-27",12.5,"covered",45,"over"
"246",246,"CAR",2023-01-01,3.5,"Sun",16,17,"@","TAM","L 24-30",3.5,"did not cover",40.5,"over"
"247",247,"CLE",2023-01-01,2,"Sun",16,17,"@","WAS","W 24-10",2,"covered",40.5,"under"
"248",248,"LAR",2023-01-01,6.5,"Sun",16,17,"@","LAC","L 10-31",6.5,"did not cover",41.5,"under"
"249",249,"SEA",2023-01-01,1.5,"Sun",16,17,NA,"NYJ","W 23-6",1.5,"covered",42.5,"under"
"250",250,"MIN",2023-01-01,3,"Sun",16,17,"@","GNB","L 17-41",3,"did not cover",47.5,"over"
"251",251,"PIT",2023-01-01,2.5,"Sun",16,17,"@","BAL","W 16-13",2.5,"covered",35,"under"
"252",252,"LVR",2023-01-01,9.5,"Sun",16,17,NA,"SFO","L 34-37 (OT)",9.5,"covered",42.5,"over"
"253",253,"NOR",2023-01-01,5.5,"Sun",16,17,"@","PHI","W 20-10",5.5,"covered",41.5,"under"
"254",254,"CHI",2023-01-01,6,"Sun",16,17,"@","DET","L 10-41",6,"did not cover",52.5,"under"
"255",255,"IND",2023-01-01,5.5,"Sun",16,17,"@","NYG","L 10-38",5.5,"did not cover",39,"over"
"256",256,"TEN",2023-01-07,6.5,"Sat",17,18,"@","JAX","L 16-20",6.5,"covered",40,"under"
"257",257,"LVR",2023-01-07,9,"Sat",17,18,NA,"KAN","L 13-31",9,"did not cover",52.5,"under"
"258",258,"ARI",2023-01-08,14,"Sun",17,18,"@","SFO","L 13-38",14,"did not cover",39.5,"over"
"259",259,"HOU",2023-01-08,2.5,"Sun",17,18,"@","IND","W 32-31",2.5,"covered",37.5,"over"
"260",260,"CAR",2023-01-08,3.5,"Sun",17,18,"@","NOR","W 10-7",3.5,"covered",41.5,"under"
"261",261,"CLE",2023-01-08,2.5,"Sun",17,18,"@","PIT","L 14-28",2.5,"did not cover",40,"over"
"262",262,"LAR",2023-01-08,6,"Sun",17,18,"@","SEA","L 16-19 (OT)",6,"covered",41.5,"under"
"263",263,"TAM",2023-01-08,4,"Sun",17,18,"@","ATL","L 17-30",4,"did not cover",40.5,"over"
"264",264,"DET",2023-01-08,5,"Sun",17,18,"@","GNB","W 20-16",5,"covered",49,"under"
"265",265,"BAL",2023-01-08,9,"Sun",17,18,"@","CIN","L 16-27",9,"did not cover",39.5,"over"
"266",266,"LAC",2023-01-08,3,"Sun",17,18,"@","DEN","L 28-31",3,"push",39.5,"over"
"267",267,"NWE",2023-01-08,7.5,"Sun",17,18,"@","BUF","L 23-35",7.5,"did not cover",43.5,"over"
"268",268,"CHI",2023-01-08,7,"Sun",17,18,NA,"MIN","L 13-29",7,"did not cover",42.5,"under"
"269",269,"WAS",2023-01-08,7,"Sun",17,18,NA,"DAL","W 26-6",7,"covered",40,"under"
"270",270,"NYG",2023-01-08,16,"Sun",17,18,"@","PHI","L 16-22",16,"covered",42,"under"
"271",271,"NYJ",2023-01-08,3.5,"Sun",17,18,"@","MIA","L 6-11",3.5,"did not cover",37,"under"
