"","Rk","Team","Date","Att...4","Day","G#","Week","...8","Opp","Result","Cmp","Att...12","Cmp%","Yds...14","TD","Sk","Yds...17","Int","Rate"
"1",1,"BUF",2022-09-08,41,"Thu",1,1,"@","LAR","W 31-10",29,41,70.7,191,1,7,49,3,58.1
"2",2,"LAR",2022-09-08,31,"Thu",1,1,NA,"BUF","L 10-31",26,31,83.9,292,3,2,5,2,111.3
"3",3,"ATL",2022-09-11,34,"Sun",1,1,NA,"NOR","L 26-27",23,34,67.6,234,2,4,35,0,106.7
"4",4,"TEN",2022-09-11,21,"Sun",1,1,NA,"NYG","L 20-21",17,21,81,156,2,5,32,1,109.5
"5",5,"NYJ",2022-09-11,30,"Sun",1,1,NA,"BAL","L 9-24",17,30,56.7,211,3,2,2,1,98.1
"6",6,"MIA",2022-09-11,30,"Sun",1,1,NA,"NWE","W 20-7",21,30,70,193,1,2,20,1,84.4
"7",7,"CAR",2022-09-11,34,"Sun",1,1,NA,"CLE","L 24-26",18,34,52.9,138,1,1,9,0,72.9
"8",8,"TAM",2022-09-11,42,"Sun",1,1,"@","DAL","W 19-3",21,42,50,173,0,4,25,1,51
"9",9,"CHI",2022-09-11,28,"Sun",1,1,NA,"SFO","W 19-10",13,28,46.4,155,0,2,9,1,49
"10",10,"CIN",2022-09-11,38,"Sun",1,1,NA,"PIT","L 20-23 (OT)",21,38,55.3,192,1,1,2,0,78
"11",11,"KAN",2022-09-11,38,"Sun",1,1,"@","ARI","W 44-21",24,38,63.2,179,2,3,26,0,91.9
"12",12,"NWE",2022-09-11,33,"Sun",1,1,"@","MIA","L 7-20",23,33,69.7,242,1,3,28,0,100.8
"13",13,"CLE",2022-09-11,27,"Sun",1,1,"@","CAR","W 26-24",16,27,59.3,207,1,4,28,1,80.3
"14",14,"PIT",2022-09-11,53,"Sun",1,1,"@","CIN","W 23-20 (OT)",33,53,62.3,299,2,7,39,4,58.6
"15",15,"IND",2022-09-11,37,"Sun",1,1,"@","HOU","T 20-20 (OT)",23,37,62.2,222,2,3,18,0,96.9
"16",16,"ARI",2022-09-11,39,"Sun",1,1,NA,"KAN","L 21-44",30,39,76.9,360,5,0,0,0,144.2
"17",17,"SFO",2022-09-11,17,"Sun",1,1,"@","CHI","L 10-19",8,17,47.1,105,2,2,16,1,81.7
"18",18,"WAS",2022-09-11,42,"Sun",1,1,NA,"JAX","W 28-22",24,42,57.1,260,1,2,15,1,73.5
"19",19,"BAL",2022-09-11,59,"Sun",1,1,"@","NYJ","W 24-9",37,59,62.7,297,1,3,12,1,73.9
"20",20,"DAL",2022-09-11,27,"Sun",1,1,NA,"TAM","L 3-19",18,27,66.7,195,1,2,17,1,84.6
"21",21,"NYG",2022-09-11,33,"Sun",1,1,"@","TEN","W 21-20",20,33,60.6,266,2,1,0,0,106.4
"22",22,"LVR",2022-09-11,34,"Sun",1,1,"@","LAC","L 19-24",26,34,76.5,279,3,0,0,0,129.4
"23",23,"LAC",2022-09-11,37,"Sun",1,1,NA,"LVR","W 24-19",22,37,59.5,256,2,6,39,3,64.7
"24",24,"NOR",2022-09-11,33,"Sun",1,1,"@","ATL","W 27-26",20,33,60.6,215,0,0,0,0,79.7
"25",25,"DET",2022-09-11,32,"Sun",1,1,NA,"PHI","L 35-38",18,32,56.3,239,0,1,4,0,80.1
"26",26,"PHI",2022-09-11,37,"Sun",1,1,"@","DET","W 38-35",21,37,56.8,205,2,1,10,1,79.2
"27",27,"MIN",2022-09-11,39,"Sun",1,1,NA,"GNB","W 23-7",26,39,66.7,227,0,4,33,1,71.2
"28",28,"JAX",2022-09-11,41,"Sun",1,1,"@","WAS","L 22-28",27,41,65.9,305,4,1,8,2,100.2
"29",29,"HOU",2022-09-11,50,"Sun",1,1,NA,"IND","T 20-20 (OT)",32,50,64,340,1,2,12,1,82.1
"30",30,"GNB",2022-09-11,32,"Sun",1,1,"@","MIN","L 7-23",23,32,71.9,269,2,1,8,0,117.8
"31",31,"SEA",2022-09-12,42,"Mon",1,1,NA,"DEN","W 17-16",29,42,69,330,1,2,10,0,100.3
"32",32,"DEN",2022-09-12,28,"Mon",1,1,"@","SEA","L 16-17",23,28,82.1,177,2,2,18,0,116.8
"33",33,"LAC",2022-09-15,35,"Thu",2,2,"@","KAN","L 24-27",24,35,68.6,226,2,1,9,0,105.2
"34",34,"KAN",2022-09-15,48,"Thu",2,2,NA,"LAC","W 27-24",33,48,68.8,326,3,2,8,1,99.8
"35",35,"ATL",2022-09-18,36,"Sun",2,2,"@","LAR","L 27-31",27,36,75,272,3,1,0,2,100.7
"36",36,"BAL",2022-09-18,50,"Sun",2,2,NA,"MIA","L 38-42",36,50,72,461,6,1,8,2,123.4
"37",37,"SEA",2022-09-18,24,"Sun",2,2,"@","SFO","L 7-27",15,24,62.5,184,1,1,0,0,100
"38",38,"CAR",2022-09-18,34,"Sun",2,2,"@","NYG","L 16-19",22,34,64.7,162,1,3,14,0,85.7
"39",39,"TAM",2022-09-18,40,"Sun",2,2,"@","NOR","W 20-10",25,40,62.5,208,1,6,28,3,52.9
"40",40,"CHI",2022-09-18,25,"Sun",2,2,"@","GNB","L 10-27",19,25,76,211,2,3,23,0,127.2
"41",41,"SFO",2022-09-18,31,"Sun",2,2,NA,"SEA","W 27-7",24,31,77.4,180,0,2,17,2,63.9
"42",42,"PIT",2022-09-18,35,"Sun",2,2,NA,"NWE","L 14-17",21,35,60,252,1,0,0,1,79.7
"43",43,"NYJ",2022-09-18,27,"Sun",2,2,"@","CLE","W 31-30",22,27,81.5,221,1,1,8,1,97.7
"44",44,"LVR",2022-09-18,49,"Sun",2,2,NA,"ARI","L 23-29 (OT)",31,49,63.3,270,1,1,7,1,76.1
"45",45,"CIN",2022-09-18,31,"Sun",2,2,"@","DAL","L 17-20",19,31,61.3,230,1,1,5,0,94.8
"46",46,"NWE",2022-09-18,33,"Sun",2,2,"@","PIT","W 17-14",21,33,63.6,152,1,3,16,1,71.8
"47",47,"NYG",2022-09-18,29,"Sun",2,2,NA,"CAR","W 19-16",14,29,48.3,129,1,2,16,0,72.3
"48",48,"CLE",2022-09-18,45,"Sun",2,2,NA,"NYJ","L 30-31",27,45,60,309,4,2,15,0,110.3
"49",49,"IND",2022-09-18,30,"Sun",2,2,"@","JAX","L 0-24",25,30,83.3,235,2,0,0,0,121.5
"50",50,"ARI",2022-09-18,39,"Sun",2,2,"@","LVR","W 29-23 (OT)",25,39,64.1,244,2,1,8,0,98.7
"51",51,"DAL",2022-09-18,36,"Sun",2,2,NA,"CIN","W 20-17",24,36,66.7,165,1,6,34,0,86
"52",52,"DEN",2022-09-18,38,"Sun",2,2,NA,"HOU","W 16-9",19,38,50,154,0,3,23,0,60.6
"53",53,"WAS",2022-09-18,34,"Sun",2,2,"@","DET","L 27-36",20,34,58.8,234,4,3,22,0,119
"54",54,"LAR",2022-09-18,26,"Sun",2,2,NA,"ATL","W 31-27",17,26,65.4,171,2,3,25,2,77.6
"55",55,"HOU",2022-09-18,31,"Sun",2,2,"@","DEN","L 9-16",14,31,45.2,201,1,3,18,1,64
"56",56,"DET",2022-09-18,46,"Sun",2,2,NA,"WAS","W 36-27",30,46,65.2,308,3,5,29,1,97
"57",57,"NOR",2022-09-18,34,"Sun",2,2,NA,"TAM","L 10-20",18,34,52.9,188,1,1,2,0,79
"58",58,"MIA",2022-09-18,29,"Sun",2,2,"@","BAL","W 42-38",21,29,72.4,318,3,0,0,0,142.6
"59",59,"GNB",2022-09-18,11,"Sun",2,2,NA,"CHI","W 27-10",7,11,63.6,48,0,3,22,1,35.4
"60",60,"JAX",2022-09-18,30,"Sun",2,2,NA,"IND","W 24-0",16,30,53.3,164,0,5,31,3,29.7
"61",61,"BUF",2022-09-19,24,"Mon",2,2,NA,"TEN","W 41-7",12,24,50,107,0,2,16,2,27.6
"62",62,"MIN",2022-09-19,31,"Mon",2,2,"@","PHI","L 7-24",26,31,83.9,323,1,3,10,1,107.4
"63",63,"TEN",2022-09-19,40,"Mon",2,2,"@","BUF","L 7-41",26,40,65,313,4,1,4,0,122.2
"64",64,"PHI",2022-09-19,46,"Mon",2,2,NA,"MIN","W 24-7",27,46,58.7,202,1,2,19,3,49.4
"65",65,"CLE",2022-09-22,32,"Thu",3,3,NA,"PIT","W 29-17",20,32,62.5,204,0,1,3,0,80.7
"66",66,"PIT",2022-09-22,31,"Thu",3,3,"@","CLE","L 17-29",21,31,67.7,205,2,2,15,0,107.6
"67",67,"ATL",2022-09-25,44,"Sun",3,3,"@","SEA","W 27-23",32,44,72.7,308,2,2,17,1,97.5
"68",68,"LVR",2022-09-25,27,"Sun",3,3,"@","TEN","L 22-24",19,27,70.4,252,1,1,12,1,96.5
"69",69,"MIA",2022-09-25,63,"Sun",3,3,NA,"BUF","W 21-19",42,63,66.7,382,2,4,18,0,93.5
"70",70,"BUF",2022-09-25,20,"Sun",3,3,"@","MIA","L 19-21",13,20,65,171,1,2,15,0,108.5
"71",71,"CAR",2022-09-25,41,"Sun",3,3,NA,"NOR","W 22-14",25,41,61,342,1,1,11,2,75.5
"72",72,"CHI",2022-09-25,32,"Sun",3,3,NA,"HOU","W 23-20",20,32,62.5,237,1,1,8,2,69.4
"73",73,"LAC",2022-09-25,39,"Sun",3,3,NA,"JAX","L 10-38",28,39,71.8,262,3,0,0,0,115.5
"74",74,"MIN",2022-09-25,41,"Sun",3,3,NA,"DET","W 28-24",25,41,61,277,1,0,0,1,79
"75",75,"CIN",2022-09-25,52,"Sun",3,3,"@","NYJ","W 27-12",28,52,53.8,252,0,4,33,2,51.1
"76",76,"BAL",2022-09-25,32,"Sun",3,3,"@","NWE","W 37-26",22,32,68.8,302,0,3,19,3,59.6
"77",77,"WAS",2022-09-25,35,"Sun",3,3,NA,"PHI","L 8-24",22,35,62.9,328,3,3,12,0,122.1
"78",78,"PHI",2022-09-25,43,"Sun",3,3,"@","WAS","W 24-8",25,43,58.1,153,0,9,58,0,65.4
"79",79,"NOR",2022-09-25,25,"Sun",3,3,"@","CAR","L 14-22",12,25,48,148,1,3,22,0,80.1
"80",80,"KAN",2022-09-25,37,"Sun",3,3,"@","IND","L 17-20",27,37,73,177,2,5,45,0,100.8
"81",81,"JAX",2022-09-25,45,"Sun",3,3,"@","LAC","W 38-10",25,45,55.6,286,1,1,11,1,73
"82",82,"IND",2022-09-25,36,"Sun",3,3,NA,"KAN","W 20-17",20,36,55.6,257,1,1,5,1,75.8
"83",83,"LAR",2022-09-25,58,"Sun",3,3,"@","ARI","W 20-12",37,58,63.8,295,0,2,19,0,76.4
"84",84,"HOU",2022-09-25,17,"Sun",3,3,"@","CHI","L 20-23",8,17,47.1,82,0,5,24,2,21.8
"85",85,"ARI",2022-09-25,25,"Sun",3,3,NA,"LAR","L 12-20",18,25,72,239,0,1,10,0,101.9
"86",86,"TAM",2022-09-25,35,"Sun",3,3,NA,"GNB","L 12-14",27,35,77.1,248,2,1,7,1,103
"87",87,"DEN",2022-09-25,29,"Sun",3,3,NA,"SFO","W 11-10",18,29,62.1,179,1,4,32,1,76.7
"88",88,"NWE",2022-09-25,29,"Sun",3,3,NA,"BAL","L 26-37",18,29,62.1,206,4,4,12,1,108.6
"89",89,"DET",2022-09-25,41,"Sun",3,3,"@","MIN","L 24-28",24,41,58.5,250,2,1,10,0,92.5
"90",90,"NYJ",2022-09-25,36,"Sun",3,3,NA,"CIN","L 12-27",23,36,63.9,261,3,2,14,0,113.3
"91",91,"GNB",2022-09-25,42,"Sun",3,3,"@","TAM","W 14-12",31,42,73.8,251,1,3,20,0,96.4
"92",92,"SEA",2022-09-25,20,"Sun",3,3,NA,"ATL","L 23-27",13,20,65,207,1,3,22,1,95.2
"93",93,"TEN",2022-09-25,45,"Sun",3,3,NA,"LVR","W 24-22",27,45,60,300,2,1,7,1,85.4
"94",94,"SFO",2022-09-25,33,"Sun",3,3,"@","DEN","L 10-11",20,33,60.6,160,0,4,24,0,72.8
"95",95,"DAL",2022-09-26,37,"Mon",3,3,"@","NYG","W 23-16",20,37,54.1,169,0,5,27,1,54.9
"96",96,"NYG",2022-09-26,31,"Mon",3,3,NA,"DAL","L 16-23",21,31,67.7,215,1,0,0,0,98.2
"97",97,"CIN",2022-09-29,37,"Thu",4,4,NA,"MIA","W 27-15",22,37,59.5,293,1,1,10,2,71.1
"98",98,"MIA",2022-09-29,32,"Thu",4,4,"@","CIN","L 15-27",21,32,65.6,304,2,1,6,0,117.2
"99",99,"ATL",2022-10-02,35,"Sun",4,4,NA,"CLE","W 23-20",21,35,60,226,0,1,8,1,67.1
"100",100,"PIT",2022-10-02,37,"Sun",4,4,NA,"NYJ","L 20-24",19,37,51.4,250,2,1,4,2,68.5
"101",101,"HOU",2022-10-02,39,"Sun",4,4,NA,"LAC","L 24-34",27,39,69.2,338,2,1,2,0,113
"102",102,"BUF",2022-10-02,29,"Sun",4,4,"@","BAL","W 23-20",20,29,69,134,1,2,10,2,61.6
"103",103,"NYG",2022-10-02,22,"Sun",4,4,NA,"CHI","W 20-12",11,22,50,155,0,6,19,0,73.1
"104",104,"SEA",2022-10-02,40,"Sun",4,4,"@","DET","W 48-45",27,40,67.5,375,4,1,9,1,120.3
"105",105,"CAR",2022-10-02,32,"Sun",4,4,NA,"ARI","L 16-26",23,32,71.9,206,2,1,1,1,96.6
"106",106,"WAS",2022-10-02,27,"Sun",4,4,"@","DAL","L 10-25",15,27,55.6,217,2,1,6,0,106.6
"107",107,"NWE",2022-10-02,35,"Sun",4,4,"@","GNB","L 24-27 (OT)",21,35,60,244,2,1,7,1,88.3
"108",108,"KAN",2022-10-02,52,"Sun",4,4,"@","TAM","W 41-31",39,52,75,373,3,1,12,0,113.7
"109",109,"JAX",2022-10-02,25,"Sun",4,4,"@","PHI","L 21-29",16,25,64,191,0,2,13,1,70.6
"110",110,"CHI",2022-10-02,16,"Sun",4,4,"@","NYG","L 12-20",9,16,56.3,71,0,1,11,1,41.4
"111",111,"CLE",2022-10-02,19,"Sun",4,4,"@","ATL","L 20-23",7,19,36.8,131,0,1,8,1,39.6
"112",112,"BAL",2022-10-02,36,"Sun",4,4,NA,"BUF","L 20-23",19,36,52.8,201,1,1,12,1,67
"113",113,"MIN",2022-10-02,28,"Sun",4,4,"@","NOR","W 28-25",20,28,71.4,227,1,2,9,0,107.3
"114",114,"IND",2022-10-02,21,"Sun",4,4,NA,"TEN","L 17-24",17,21,81,116,2,3,21,0,121.4
"115",115,"ARI",2022-10-02,36,"Sun",4,4,"@","CAR","W 26-16",22,36,61.1,180,1,2,17,2,60
"116",116,"DAL",2022-10-02,42,"Sun",4,4,NA,"WAS","W 25-10",25,42,59.5,155,1,2,15,2,55.2
"117",117,"TAM",2022-10-02,37,"Sun",4,4,NA,"KAN","L 31-41",23,37,62.2,228,3,3,21,1,95.3
"118",118,"DEN",2022-10-02,34,"Sun",4,4,"@","LVR","L 23-32",21,34,61.8,173,0,2,15,0,74.8
"119",119,"PHI",2022-10-02,23,"Sun",4,4,NA,"JAX","W 29-21",11,23,47.8,148,2,4,26,1,79.6
"120",120,"NYJ",2022-10-02,26,"Sun",4,4,"@","PIT","W 24-20",17,26,65.4,178,0,3,26,4,45.5
"121",121,"DET",2022-10-02,30,"Sun",4,4,NA,"SEA","L 45-48",23,30,76.7,320,2,0,0,0,132.6
"122",122,"LAC",2022-10-02,35,"Sun",4,4,"@","HOU","W 34-24",26,35,74.3,215,2,4,31,2,84.8
"123",123,"LVR",2022-10-02,25,"Sun",4,4,NA,"DEN","W 32-23",17,25,68,214,2,3,23,0,121.1
"124",124,"GNB",2022-10-02,21,"Sun",4,4,NA,"NWE","W 27-24 (OT)",15,21,71.4,104,1,4,32,0,98.1
"125",125,"NOR",2022-10-02,39,"Sun",4,4,NA,"MIN","L 25-28",26,39,66.7,263,1,3,23,1,83.6
"126",126,"TEN",2022-10-02,37,"Sun",4,4,"@","IND","W 24-17",27,37,73,327,2,3,29,1,106.5
"127",127,"LAR",2022-10-03,27,"Mon",4,4,"@","SFO","L 9-24",16,27,59.3,239,1,0,0,0,100.7
"128",128,"SFO",2022-10-03,48,"Mon",4,4,NA,"LAR","W 24-9",32,48,66.7,200,0,7,54,1,66.3
"129",129,"IND",2022-10-06,39,"Thu",5,5,"@","DEN","W 12-9 (OT)",21,39,53.8,250,0,4,24,2,52.3
"130",130,"DEN",2022-10-06,41,"Thu",5,5,NA,"IND","L 9-12 (OT)",26,41,63.4,200,0,6,51,2,54.9
"131",131,"ATL",2022-10-09,52,"Sun",5,5,"@","TAM","L 15-21",35,52,67.3,351,1,0,0,0,92.7
"132",132,"TAM",2022-10-09,25,"Sun",5,5,NA,"ATL","W 21-15",14,25,56,110,1,5,37,0,80.4
"133",133,"BAL",2022-10-09,35,"Sun",5,5,NA,"CIN","W 19-17",24,35,68.6,190,1,3,27,1,79.5
"134",134,"BUF",2022-10-09,52,"Sun",5,5,NA,"PIT","W 38-3",34,52,65.4,310,0,3,17,1,73.4
"135",135,"SEA",2022-10-09,25,"Sun",5,5,"@","NOR","L 32-39",17,25,68,203,2,1,6,1,102.6
"136",136,"MIN",2022-10-09,21,"Sun",5,5,NA,"CHI","W 29-22",15,21,71.4,193,1,2,15,0,115.8
"137",137,"MIA",2022-10-09,21,"Sun",5,5,"@","NYJ","L 17-40",14,21,66.7,187,0,2,23,0,94.7
"138",138,"CAR",2022-10-09,30,"Sun",5,5,NA,"SFO","L 15-37",18,30,60,244,2,2,9,0,108.2
"139",139,"LAC",2022-10-09,34,"Sun",5,5,"@","CLE","W 30-28",21,34,61.8,230,1,0,0,1,79.3
"140",140,"PIT",2022-10-09,36,"Sun",5,5,"@","BUF","L 3-38",22,36,61.1,432,4,0,0,1,128.5
"141",141,"CHI",2022-10-09,42,"Sun",5,5,"@","MIN","L 22-29",33,42,78.6,312,1,1,7,1,95.6
"142",142,"LAR",2022-10-09,16,"Sun",5,5,NA,"DAL","L 10-22",10,16,62.5,76,0,3,26,0,74
"143",143,"HOU",2022-10-09,47,"Sun",5,5,"@","JAX","W 13-6",25,47,53.2,286,0,0,0,2,54
"144",144,"CIN",2022-10-09,32,"Sun",5,5,"@","BAL","L 17-19",19,32,59.4,170,1,1,4,1,71.1
"145",145,"CLE",2022-10-09,34,"Sun",5,5,NA,"LAC","L 28-30",22,34,64.7,227,1,1,1,0,93.6
"146",146,"PHI",2022-10-09,42,"Sun",5,5,"@","ARI","W 20-17",28,42,66.7,239,1,1,11,1,79.4
"147",147,"NYJ",2022-10-09,34,"Sun",5,5,NA,"MIA","W 40-17",19,34,55.9,158,0,2,8,1,55.8
"148",148,"SFO",2022-10-09,42,"Sun",5,5,"@","CAR","W 37-15",25,42,59.5,244,0,6,31,1,66
"149",149,"NOR",2022-10-09,25,"Sun",5,5,NA,"SEA","W 39-32",16,25,64,245,3,3,23,0,135.8
"150",150,"JAX",2022-10-09,24,"Sun",5,5,NA,"HOU","L 6-13",16,24,66.7,132,0,1,8,0,80.6
"151",151,"ARI",2022-10-09,36,"Sun",5,5,NA,"PHI","L 17-20",26,36,72.2,218,0,2,21,0,87.5
"152",152,"NYG",2022-10-09,39,"Sun",5,5,"@","GNB","W 27-22",25,39,64.1,207,2,2,15,0,94.7
"153",153,"DAL",2022-10-09,44,"Sun",5,5,"@","LAR","W 22-10",29,44,65.9,285,1,5,35,1,82.1
"154",154,"TEN",2022-10-09,38,"Sun",5,5,"@","WAS","W 21-17",25,38,65.8,342,2,3,17,1,101
"155",155,"WAS",2022-10-09,25,"Sun",5,5,NA,"TEN","L 17-21",15,25,60,136,1,5,45,0,88.1
"156",156,"NWE",2022-10-09,35,"Sun",5,5,NA,"DET","W 29-0",19,35,54.3,211,0,2,18,1,60.5
"157",157,"DET",2022-10-09,21,"Sun",5,5,"@","NWE","L 0-29",17,21,81,188,1,0,0,1,100
"158",158,"GNB",2022-10-09,27,"Sun",5,5,NA,"NYG","L 22-27",21,27,77.8,213,0,1,4,0,99.5
"159",159,"LVR",2022-10-10,43,"Mon",5,5,"@","KAN","L 29-30",29,43,67.4,265,4,3,27,0,115
"160",160,"KAN",2022-10-10,30,"Mon",5,5,NA,"LVR","W 30-29",19,30,63.3,223,2,2,18,0,108.1
"161",161,"CHI",2022-10-13,22,"Thu",6,6,NA,"WAS","L 7-12",12,22,54.5,86,0,3,13,0,63.8
"162",162,"WAS",2022-10-13,27,"Thu",6,6,"@","CHI","W 12-7",14,27,51.9,154,1,5,36,1,66
"163",163,"ATL",2022-10-16,41,"Sun",6,6,NA,"SFO","W 28-14",29,41,70.7,296,2,0,0,2,87
"164",164,"LAR",2022-10-16,21,"Sun",6,6,NA,"CAR","W 24-10",13,21,61.9,110,0,2,9,1,55.7
"165",165,"BUF",2022-10-16,40,"Sun",6,6,"@","KAN","W 24-20",25,40,62.5,319,2,3,19,2,83.2
"166",166,"CAR",2022-10-16,33,"Sun",6,6,"@","LAR","L 10-24",26,33,78.8,249,1,1,4,1,95.6
"167",167,"NYJ",2022-10-16,45,"Sun",6,6,"@","GNB","W 27-10",28,45,62.2,218,1,4,36,0,81.5
"168",168,"NOR",2022-10-16,37,"Sun",6,6,NA,"CIN","L 26-30",28,37,75.7,273,3,3,27,0,122.9
"169",169,"CIN",2022-10-16,36,"Sun",6,6,"@","NOR","W 30-26",19,36,52.8,171,1,1,7,0,75.1
"170",170,"TAM",2022-10-16,30,"Sun",6,6,"@","PIT","L 18-20",20,30,66.7,193,2,2,18,0,106.7
"171",171,"MIN",2022-10-16,47,"Sun",6,6,"@","MIA","W 24-16",30,47,63.8,385,2,6,33,2,85.9
"172",172,"CLE",2022-10-16,34,"Sun",6,6,NA,"NWE","L 15-38",24,34,70.6,301,2,2,8,0,117.4
"173",173,"NWE",2022-10-16,45,"Sun",6,6,"@","CLE","W 38-15",21,45,46.7,258,1,4,8,2,53.8
"174",174,"IND",2022-10-16,22,"Sun",6,6,NA,"JAX","W 34-27",20,22,90.9,136,1,4,29,0,107.6
"175",175,"PIT",2022-10-16,40,"Sun",6,6,NA,"TAM","W 20-18",25,40,62.5,229,1,2,14,0,86.4
"176",176,"MIA",2022-10-16,30,"Sun",6,6,NA,"MIN","L 16-24",20,30,66.7,156,2,3,19,0,101.5
"177",177,"ARI",2022-10-16,31,"Sun",6,6,"@","SEA","L 9-19",20,31,64.5,160,0,5,37,0,77.4
"178",178,"BAL",2022-10-16,27,"Sun",6,6,"@","NYG","L 20-24",19,27,70.4,155,2,4,18,0,109.3
"179",179,"DAL",2022-10-16,25,"Sun",6,6,"@","PHI","L 17-26",15,25,60,132,2,4,23,0,100.7
"180",180,"SFO",2022-10-16,14,"Sun",6,6,"@","ATL","L 14-28",13,14,92.9,121,2,2,8,0,142.3
"181",181,"JAX",2022-10-16,58,"Sun",6,6,"@","IND","L 27-34",42,58,72.4,389,3,0,0,0,107.6
"182",182,"NYG",2022-10-16,32,"Sun",6,6,NA,"BAL","W 24-20",17,32,53.1,195,1,2,15,1,69.1
"183",183,"GNB",2022-10-16,18,"Sun",6,6,NA,"NYJ","L 10-27",10,18,55.6,99,0,2,11,0,71.3
"184",184,"SEA",2022-10-16,37,"Sun",6,6,NA,"ARI","W 19-9",23,37,62.2,171,0,6,51,1,61.9
"185",185,"PHI",2022-10-16,38,"Sun",6,6,NA,"DAL","W 26-17",18,38,47.4,181,1,0,0,3,37.3
"186",186,"KAN",2022-10-16,40,"Sun",6,6,NA,"BUF","L 20-24",27,40,67.5,318,3,1,11,0,116.5
"187",187,"DEN",2022-10-17,57,"Mon",6,6,"@","LAC","L 16-19 (OT)",37,57,64.9,224,0,2,14,1,65.2
"188",188,"LAC",2022-10-17,28,"Mon",6,6,NA,"DEN","W 19-16 (OT)",15,28,53.6,160,1,4,28,0,82.4
"189",189,"NOR",2022-10-20,29,"Thu",7,7,"@","ARI","L 34-42",20,29,69,189,1,2,15,0,98.2
"190",190,"ARI",2022-10-20,49,"Thu",7,7,NA,"NOR","W 42-34",32,49,65.3,409,4,0,0,3,93
"191",191,"NYJ",2022-10-23,46,"Sun",7,7,"@","DEN","W 16-9",24,46,52.2,219,0,1,6,1,56.3
"192",192,"SFO",2022-10-23,36,"Sun",7,7,NA,"KAN","L 23-44",25,36,69.4,417,3,1,6,1,124.4
"193",193,"PIT",2022-10-23,35,"Sun",7,7,"@","MIA","L 10-16",21,35,60,261,1,0,0,0,92.7
"194",194,"CLE",2022-10-23,16,"Sun",7,7,"@","BAL","L 20-23",9,16,56.3,94,0,3,26,0,73.4
"195",195,"IND",2022-10-23,20,"Sun",7,7,"@","TEN","L 10-19",13,20,65,116,0,2,16,0,80.4
"196",196,"SEA",2022-10-23,51,"Sun",7,7,"@","LAC","W 37-23",33,51,64.7,276,2,3,17,1,83.5
"197",197,"TEN",2022-10-23,44,"Sun",6,7,NA,"IND","W 19-10",33,44,75,227,1,3,16,2,74.7
"198",198,"LVR",2022-10-23,41,"Sun",6,7,NA,"HOU","W 38-20",28,41,68.3,296,2,1,6,1,95.2
"199",199,"DET",2022-10-23,25,"Sun",6,7,"@","DAL","L 6-24",19,25,76,191,1,2,16,0,110.6
"200",200,"GNB",2022-10-23,33,"Sun",7,7,"@","WAS","L 21-23",20,33,60.6,198,2,1,3,1,85.2
"201",201,"CIN",2022-10-23,13,"Sun",7,7,NA,"ATL","W 35-17",8,13,61.5,107,1,3,17,0,113.3
"202",202,"GNB",2022-10-23,33,"Sun",7,7,"@","WAS","L 21-23",20,33,60.6,198,2,1,3,1,85.2
"203",203,"ATL",2022-10-23,42,"Sun",7,7,"@","CIN","L 17-35",34,42,81,459,3,3,22,0,136
"204",204,"SEA",2022-10-23,51,"Sun",7,7,"@","LAC","W 37-23",33,51,64.7,276,2,3,17,1,83.5
"205",205,"BAL",2022-10-23,27,"Sun",7,7,NA,"CLE","W 23-20",22,27,81.5,223,0,5,35,0,101.1
"206",206,"LVR",2022-10-23,41,"Sun",6,7,NA,"HOU","W 38-20",28,41,68.3,296,2,1,6,1,95.2
"207",207,"LAC",2022-10-23,27,"Sun",7,7,NA,"SEA","L 23-37",20,27,74.1,191,2,2,19,1,102.5
"208",208,"PIT",2022-10-23,35,"Sun",7,7,"@","MIA","L 10-16",21,35,60,261,1,0,0,0,92.7
"209",209,"NYJ",2022-10-23,46,"Sun",7,7,"@","DEN","W 16-9",24,46,52.2,219,0,1,6,1,56.3
"210",210,"IND",2022-10-23,20,"Sun",7,7,"@","TEN","L 10-19",13,20,65,116,0,2,16,0,80.4
"211",211,"NYG",2022-10-23,44,"Sun",7,7,"@","JAX","W 23-17",22,44,50,310,0,0,0,0,73.1
"212",212,"WAS",2022-10-23,35,"Sun",7,7,NA,"GNB","W 23-21",23,35,65.7,194,2,0,0,0,99
"213",213,"JAX",2022-10-23,30,"Sun",7,7,NA,"NYG","L 17-23",19,30,63.3,200,1,1,2,0,93.7
"214",214,"KAN",2022-10-23,46,"Sun",7,7,"@","SFO","W 44-23",29,46,63,343,2,5,26,2,82.1
"215",215,"NWE",2022-10-24,21,"Mon",7,7,NA,"CHI","L 14-33",13,21,61.9,147,1,4,32,1,78.9
"216",216,"CHI",2022-10-24,28,"Mon",7,7,"@","NWE","W 33-14",17,28,60.7,190,1,1,8,3,53.3
"217",217,"TAM",2022-10-27,38,"Thu",8,8,NA,"BAL","L 22-27",27,38,71.1,222,2,3,16,0,103.2
"218",218,"BAL",2022-10-27,44,"Thu",8,8,"@","TAM","W 27-22",26,44,59.1,305,1,3,20,0,87.8
"219",219,"MIA",2022-10-30,37,"Sun",8,8,"@","DET","W 31-27",27,37,73,311,1,1,10,0,106.9
"220",220,"TEN",2022-10-30,30,"Sun",7,8,"@","HOU","W 17-10",17,30,56.7,118,1,3,34,1,62.9
"221",221,"DAL",2022-10-30,24,"Sun",8,8,NA,"CHI","W 49-29",18,24,75,131,2,4,25,0,115.1
"222",222,"ARI",2022-10-30,36,"Sun",8,8,"@","MIN","L 26-34",24,36,66.7,208,2,3,24,0,100.2
"223",223,"SFO",2022-10-30,33,"Sun",8,8,"@","LAR","W 31-14",22,33,66.7,167,1,2,20,0,88.8
"224",224,"HOU",2022-10-30,10,"Sun",7,8,NA,"TEN","L 10-17",6,10,60,40,0,3,15,1,29.2
"225",225,"CAR",2022-10-30,28,"Sun",8,8,"@","ATL","L 34-37 (OT)",20,28,71.4,239,3,2,14,2,103.1
"226",226,"DEN",2022-10-30,31,"Sun",8,8,"@","JAX","W 21-17",18,31,58.1,114,1,2,19,2,49.7
"227",227,"DET",2022-10-30,36,"Sun",7,8,NA,"MIA","L 27-31",29,36,80.6,369,3,2,13,0,137.2
"228",228,"LAR",2022-10-30,26,"Sun",7,8,NA,"SFO","L 14-31",22,26,84.6,257,3,3,12,0,146.3
"229",229,"BUF",2022-10-30,30,"Sun",7,8,NA,"GNB","W 27-17",19,30,63.3,190,2,2,13,1,89.6
"230",230,"GNB",2022-10-30,25,"Sun",8,8,"@","BUF","L 17-27",13,25,52,216,2,2,2,2,74.7
"231",231,"ATL",2022-10-30,36,"Sun",8,8,NA,"CAR","W 37-34 (OT)",19,36,52.8,309,1,1,8,1,79.5
"232",232,"SEA",2022-10-30,31,"Sun",8,8,NA,"NYG","W 27-13",17,31,54.8,147,0,5,29,0,67.5
"233",233,"MIN",2022-10-30,44,"Sun",7,8,NA,"ARI","W 34-26",31,44,70.5,297,3,4,29,2,92.7
"234",234,"NOR",2022-10-30,39,"Sun",8,8,NA,"LVR","W 24-0",23,39,59,145,0,4,28,1,56
"235",235,"LVR",2022-10-30,31,"Sun",7,8,"@","NOR","L 0-24",23,31,74.2,231,2,0,0,0,116.5
"236",236,"NWE",2022-10-30,41,"Sun",8,8,"@","NYJ","W 22-17",20,41,48.8,336,2,2,19,3,62.7
"237",237,"PIT",2022-10-30,30,"Sun",8,8,"@","PHI","L 13-35",20,30,66.7,290,4,3,18,0,137.5
"238",238,"PHI",2022-10-30,40,"Sun",7,8,NA,"PIT","W 35-13",27,40,67.5,158,1,6,38,1,72.7
"239",239,"NYJ",2022-10-30,35,"Sun",8,8,NA,"NWE","L 17-22",24,35,68.6,161,1,6,33,1,76
"240",240,"CHI",2022-10-30,27,"Sun",8,8,"@","DAL","L 29-49",21,27,77.8,242,2,1,8,1,113.3
"241",241,"IND",2022-10-30,31,"Sun",8,8,NA,"WAS","L 16-17",23,31,74.2,266,1,2,13,1,97
"242",242,"NYG",2022-10-30,34,"Sun",8,8,"@","SEA","L 13-27",23,34,67.6,190,2,3,22,0,101.3
"243",243,"WAS",2022-10-30,23,"Sun",8,8,"@","IND","W 17-16",17,23,73.9,189,0,2,12,0,97.9
"244",244,"JAX",2022-10-30,30,"Sun",8,8,NA,"DEN","L 17-21",18,30,60,230,1,3,22,1,81.3
"245",245,"CLE",2022-10-31,35,"Mon",8,8,NA,"CIN","W 32-13",25,35,71.4,193,2,5,39,1,91.7
"246",246,"CIN",2022-10-31,23,"Mon",8,8,"@","CLE","L 13-32",17,23,73.9,268,1,2,10,1,108.6
"247",247,"HOU",2022-11-03,27,"Thu",8,9,NA,"PHI","L 17-29",21,27,77.8,217,2,4,26,0,124.8
"248",248,"PHI",2022-11-03,22,"Thu",8,9,"@","HOU","W 29-17",13,22,59.1,135,2,3,19,2,69.3
"249",249,"MIA",2022-11-06,28,"Sun",9,9,"@","CHI","W 35-32",17,28,60.7,116,3,2,7,0,105.7
"250",250,"TEN",2022-11-06,68,"Sun",8,9,"@","KAN","L 17-20 (OT)",43,68,63.2,422,1,4,24,1,79.4
"251",251,"ARI",2022-11-06,34,"Sun",9,9,NA,"SEA","L 21-31",26,34,76.5,263,2,2,12,1,105.4
"252",252,"CAR",2022-11-06,31,"Sun",9,9,"@","CIN","L 21-42",25,31,80.6,223,1,2,5,0,107.4
"253",253,"TAM",2022-11-06,27,"Sun",9,9,NA,"LAR","W 16-13",13,27,48.1,138,1,4,27,0,75.8
"254",254,"DET",2022-11-06,43,"Sun",8,9,NA,"GNB","W 15-9",23,43,53.5,283,1,1,8,3,52.8
"255",255,"LAR",2022-11-06,58,"Sun",8,9,"@","TAM","L 13-16",36,58,62.1,272,1,1,8,0,79.1
"256",256,"BUF",2022-11-06,25,"Sun",8,9,"@","NYJ","L 17-20",18,25,72,136,1,2,18,0,98.1
"257",257,"CIN",2022-11-06,30,"Sun",9,9,NA,"CAR","W 42-21",17,30,56.7,164,2,0,0,2,66.5
"258",258,"GNB",2022-11-06,26,"Sun",9,9,"@","DET","L 9-15",14,26,53.8,137,2,0,0,1,78.5
"259",259,"ATL",2022-11-06,43,"Sun",9,9,NA,"LAC","L 17-20",30,43,69.8,245,1,0,0,1,82
"260",260,"SEA",2022-11-06,35,"Sun",9,9,"@","ARI","W 31-21",25,35,71.4,140,2,5,35,0,97.3
"261",261,"MIN",2022-11-06,28,"Sun",8,9,"@","WAS","W 20-17",15,28,53.6,126,2,3,23,1,74.4
"262",262,"LVR",2022-11-06,31,"Sun",8,9,"@","JAX","L 20-27",25,31,80.6,235,1,0,0,0,109
"263",263,"LAC",2022-11-06,23,"Sun",8,9,"@","ATL","W 20-17",12,23,52.2,114,0,2,15,0,66.2
"264",264,"NWE",2022-11-06,29,"Sun",9,9,NA,"IND","W 26-3",15,29,51.7,43,0,9,60,1,43.3
"265",265,"NYJ",2022-11-06,34,"Sun",9,9,NA,"BUF","W 20-17",18,34,52.9,183,0,5,22,2,44.1
"266",266,"CHI",2022-11-06,30,"Sun",9,9,NA,"MIA","L 32-35",21,30,70,302,3,0,0,0,135.7
"267",267,"IND",2022-11-06,30,"Sun",9,9,"@","NWE","L 3-26",20,30,66.7,133,1,4,14,0,87.2
"268",268,"WAS",2022-11-06,41,"Sun",9,9,NA,"MIN","L 17-20",23,41,56.1,245,2,2,17,1,79.8
"269",269,"JAX",2022-11-06,36,"Sun",9,9,NA,"LVR","W 27-20",21,36,58.3,248,2,2,11,0,97.9
"270",270,"KAN",2022-11-06,16,"Sun",8,9,NA,"TEN","W 20-17 (OT)",5,16,31.3,57,0,3,23,0,43
"271",271,"BAL",2022-11-07,30,"Mon",9,9,"@","NOR","W 27-13",20,30,66.7,195,1,4,28,1,81.9
"272",272,"NOR",2022-11-07,22,"Mon",9,9,NA,"BAL","L 13-27",12,22,54.5,131,1,3,2,0,87.5
"273",273,"CAR",2022-11-10,30,"Thu",10,10,NA,"ATL","W 25-15",19,30,63.3,153,2,5,33,1,84.4
"274",274,"ATL",2022-11-10,16,"Thu",10,10,"@","CAR","L 15-25",10,16,62.5,101,0,1,7,0,80.5
"275",275,"MIA",2022-11-13,35,"Sun",10,10,NA,"CLE","W 39-17",22,35,62.9,185,1,3,27,0,86
"276",276,"TEN",2022-11-13,42,"Sun",9,10,NA,"DEN","W 17-10",21,42,50,248,1,6,38,1,66.4
"277",277,"DAL",2022-11-13,20,"Sun",9,10,"@","GNB","L 28-31 (OT)",14,20,70,208,3,2,16,0,143.3
"278",278,"ARI",2022-11-13,37,"Sun",10,10,"@","LAR","W 27-17",25,37,67.6,190,1,3,19,1,77.5
"279",279,"SFO",2022-11-13,37,"Sun",9,10,NA,"LAC","W 22-16",21,37,56.8,187,1,3,9,1,68.2
"280",280,"HOU",2022-11-13,17,"Sun",9,10,"@","NYG","L 16-24",13,17,76.5,176,2,3,21,0,148.2
"281",281,"DEN",2022-11-13,36,"Sun",9,10,"@","TEN","L 10-17",19,36,52.8,244,2,1,11,0,92.8
"282",282,"CLE",2022-11-13,33,"Sun",9,10,"@","MIA","L 17-39",26,33,78.8,296,3,1,6,0,134.3
"283",283,"TAM",2022-11-13,33,"Sun",10,10,NA,"SEA","W 21-16",23,33,69.7,244,2,3,31,0,111.2
"284",284,"DET",2022-11-13,20,"Sun",9,10,"@","CHI","W 31-30",12,20,60,150,2,3,17,1,95.8
"285",285,"LAR",2022-11-13,37,"Sun",9,10,NA,"ARI","L 17-27",26,37,70.3,220,1,2,18,0,94.4
"286",286,"BUF",2022-11-13,50,"Sun",9,10,NA,"MIN","L 30-33 (OT)",30,50,60,334,1,4,23,2,69.9
"287",287,"GNB",2022-11-13,46,"Sun",10,10,NA,"DAL","W 31-28 (OT)",27,46,58.7,262,3,2,3,2,78.4
"288",288,"SEA",2022-11-13,30,"Sun",10,10,"@","TAM","L 16-21",22,30,73.3,258,2,0,0,2,93.5
"289",289,"MIN",2022-11-13,43,"Sun",9,10,"@","BUF","W 33-30 (OT)",29,43,67.4,311,1,2,19,2,76.8
"290",290,"NOR",2022-11-13,30,"Sun",10,10,"@","PIT","L 10-20",18,30,60,162,0,6,37,0,74.6
"291",291,"LVR",2022-11-13,28,"Sun",9,10,NA,"IND","L 20-25",21,28,75,208,1,1,14,0,107.4
"292",292,"LAC",2022-11-13,28,"Sun",9,10,"@","SFO","L 16-22",19,28,67.9,230,0,1,10,0,92.9
"293",293,"PIT",2022-11-13,28,"Sun",9,10,NA,"NOR","W 20-10",17,28,60.7,157,1,2,17,2,58.2
"294",294,"CHI",2022-11-13,26,"Sun",10,10,NA,"DET","L 30-31",19,26,73.1,228,1,2,8,0,112.3
"295",295,"IND",2022-11-13,38,"Sun",10,10,"@","LVR","W 25-20",24,38,63.2,232,2,2,16,0,97.7
"296",296,"NYG",2022-11-13,37,"Sun",9,10,NA,"HOU","W 24-16",22,37,59.5,286,1,4,33,1,81.6
"297",297,"JAX",2022-11-13,35,"Sun",10,10,"@","KAN","L 17-27",26,35,74.3,331,4,0,0,1,129.6
"298",298,"KAN",2022-11-13,40,"Sun",9,10,NA,"JAX","W 27-17",29,40,72.5,240,2,5,19,0,104.2
"299",299,"PHI",2022-11-14,29,"Mon",9,10,NA,"WAS","L 21-32",17,29,58.6,178,0,3,33,1,62.1
"300",300,"WAS",2022-11-14,26,"Mon",10,10,"@","PHI","W 32-21",17,26,65.4,170,2,1,5,1,93.4
"301",301,"TEN",2022-11-17,39,"Thu",10,11,"@","GNB","W 27-17",24,39,61.5,215,2,1,12,0,93.4
"302",302,"GNB",2022-11-17,29,"Thu",11,11,NA,"TEN","L 17-27",24,29,82.8,320,3,3,17,1,132.8
"303",303,"DAL",2022-11-20,30,"Sun",10,11,"@","MIN","W 40-3",17,30,56.7,110,0,7,49,0,64.6
"304",304,"HOU",2022-11-20,27,"Sun",10,11,NA,"WAS","L 10-23",15,27,55.6,191,0,0,0,0,77.9
"305",305,"CAR",2022-11-20,33,"Sun",11,11,"@","BAL","L 3-13",24,33,72.7,193,0,3,16,1,74.4
"306",306,"DEN",2022-11-20,37,"Sun",10,11,NA,"LVR","L 16-22 (OT)",23,37,62.2,298,2,1,9,0,105.5
"307",307,"CLE",2022-11-20,27,"Sun",10,11,"@","BUF","L 23-31",18,27,66.7,186,1,2,11,0,98.7
"308",308,"DET",2022-11-20,44,"Sun",10,11,"@","NYG","W 31-18",27,44,61.4,324,1,2,17,2,72.5
"309",309,"LAR",2022-11-20,28,"Sun",10,11,"@","NOR","L 20-27",22,28,78.6,235,3,4,39,0,137.4
"310",310,"BUF",2022-11-20,41,"Sun",10,11,NA,"CLE","W 31-23",28,41,68.3,316,3,1,8,0,115.5
"311",311,"CIN",2022-11-20,42,"Sun",10,11,"@","PIT","W 37-30",25,42,59.5,249,1,2,16,0,84.3
"312",312,"ATL",2022-11-20,21,"Sun",11,11,NA,"CHI","W 27-24",14,21,66.7,128,1,4,25,1,79.1
"313",313,"BAL",2022-11-20,33,"Sun",10,11,NA,"CAR","W 13-3",21,33,63.6,169,0,4,27,2,51.2
"314",314,"MIN",2022-11-20,30,"Sun",10,11,NA,"DAL","L 3-40",26,30,86.7,307,2,0,0,0,131.5
"315",315,"NOR",2022-11-20,28,"Sun",11,11,NA,"LAR","W 27-20",16,28,57.1,188,2,4,35,0,101.5
"316",316,"LVR",2022-11-20,31,"Sun",10,11,"@","DEN","W 22-16 (OT)",24,31,77.4,226,0,3,21,0,97
"317",317,"LAC",2022-11-20,34,"Sun",10,11,NA,"KAN","L 27-30",20,34,58.8,322,3,1,7,0,120
"318",318,"NWE",2022-11-20,22,"Sun",10,11,NA,"NYJ","W 10-3",9,22,40.9,44,0,4,33,0,48.7
"319",319,"PIT",2022-11-20,39,"Sun",10,11,NA,"CIN","L 30-37",24,39,61.5,346,4,2,9,2,103.2
"320",320,"PHI",2022-11-20,32,"Sun",10,11,"@","IND","W 17-16",23,32,71.9,185,0,4,28,0,86.1
"321",321,"NYJ",2022-11-20,27,"Sun",10,11,"@","NWE","L 3-10",23,27,85.2,198,0,6,48,0,97.2
"322",322,"CHI",2022-11-20,20,"Sun",11,11,"@","ATL","L 24-27",13,20,65,131,1,0,0,0,100.2
"323",323,"IND",2022-11-20,25,"Sun",11,11,NA,"PHI","L 16-17",18,25,72,173,1,3,17,0,104.2
"324",324,"NYG",2022-11-20,26,"Sun",10,11,NA,"DET","L 18-31",17,26,65.4,165,0,0,0,0,83
"325",325,"WAS",2022-11-20,33,"Sun",11,11,"@","HOU","W 23-10",19,33,57.6,127,0,5,42,2,40.8
"326",326,"KAN",2022-11-20,30,"Sun",10,11,"@","LAC","W 30-27",23,30,76.7,250,2,5,30,1,109
"327",327,"ARI",2022-11-21,29,"Mon",11,11,NA,"SFO","L 10-38",20,29,69,228,4,0,0,0,131.9
"328",328,"SFO",2022-11-21,44,"Mon",10,11,"@","ARI","W 38-10",30,44,68.2,247,0,3,30,2,63.4
"329",329,"DAL",2022-11-24,35,"Thu",11,12,NA,"NYG","W 28-20",21,35,60,210,1,3,18,0,86.6
"330",330,"DET",2022-11-24,42,"Thu",11,12,NA,"BUF","L 25-28",24,42,57.1,237,2,3,16,1,79.2
"331",331,"BUF",2022-11-24,37,"Thu",11,12,"@","DET","W 28-25",23,37,62.2,230,2,2,10,0,97.8
"332",332,"MIN",2022-11-24,39,"Thu",11,12,NA,"NWE","W 33-26",28,39,71.8,364,2,3,18,0,117.9
"333",333,"NWE",2022-11-24,38,"Thu",11,12,"@","MIN","L 26-33",31,38,81.6,301,3,1,9,1,115
"334",334,"NYG",2022-11-24,30,"Thu",11,12,"@","DAL","L 20-28",21,30,70,261,2,0,0,2,91.1
"335",335,"MIA",2022-11-27,39,"Sun",11,12,NA,"HOU","W 30-15",26,39,66.7,174,1,5,41,2,63.4
"336",336,"TEN",2022-11-27,37,"Sun",11,12,NA,"CIN","L 16-20",22,37,59.5,266,1,1,4,0,90.6
"337",337,"ARI",2022-11-27,47,"Sun",12,12,NA,"LAC","L 24-25",35,47,74.5,246,3,4,28,0,107.2
"338",338,"SFO",2022-11-27,30,"Sun",11,12,NA,"NOR","W 13-0",18,30,60,197,0,1,7,0,79.4
"339",339,"HOU",2022-11-27,41,"Sun",11,12,"@","MIA","L 15-30",23,41,56.1,273,1,5,32,0,84.7
"340",340,"CAR",2022-11-27,35,"Sun",12,12,NA,"DEN","W 23-10",19,35,54.3,125,1,3,17,0,71.7
"341",341,"DEN",2022-11-27,19,"Sun",11,12,"@","CAR","L 10-23",11,19,57.9,164,1,0,0,0,103.8
"342",342,"CLE",2022-11-27,43,"Sun",11,12,NA,"TAM","W 23-17 (OT)",29,43,67.4,229,2,3,17,0,96
"343",343,"TAM",2022-11-27,37,"Sun",11,12,"@","CLE","L 17-23 (OT)",23,37,62.2,178,1,4,32,1,71.7
"344",344,"LAR",2022-11-27,42,"Sun",11,12,"@","KAN","L 10-26",27,42,64.3,320,1,0,0,1,85.4
"345",345,"CIN",2022-11-27,34,"Sun",11,12,"@","TEN","W 20-16",22,34,64.7,281,0,1,10,0,90.4
"346",346,"GNB",2022-11-27,28,"Sun",12,12,"@","PHI","L 33-40",16,28,57.1,137,2,2,16,0,93.9
"347",347,"ATL",2022-11-27,23,"Sun",12,12,"@","WAS","L 13-19",14,23,60.9,138,2,0,0,1,88.7
"348",348,"SEA",2022-11-27,36,"Sun",11,12,NA,"LVR","L 34-40 (OT)",25,36,69.4,293,3,1,2,2,98.5
"349",349,"BAL",2022-11-27,37,"Sun",11,12,"@","JAX","L 27-28",29,37,78.4,294,3,4,27,0,126.8
"350",350,"NOR",2022-11-27,37,"Sun",12,12,"@","SFO","L 0-13",26,37,70.3,221,1,1,1,0,94.5
"351",351,"LVR",2022-11-27,37,"Sun",11,12,"@","SEA","W 40-34 (OT)",27,37,73,307,2,3,21,1,104.2
"352",352,"LAC",2022-11-27,29,"Sun",11,12,"@","ARI","W 25-24",18,29,62.1,185,2,1,6,1,89
"353",353,"PHI",2022-11-27,25,"Sun",11,12,NA,"GNB","W 40-33",17,25,68,236,3,3,17,2,104.3
"354",354,"NYJ",2022-11-27,25,"Sun",11,12,NA,"CHI","W 31-10",14,25,56,165,1,2,14,1,72.9
"355",355,"CHI",2022-11-27,29,"Sun",12,12,"@","NYJ","L 10-31",22,29,75.9,308,3,1,7,0,144
"356",356,"WAS",2022-11-27,25,"Sun",12,12,NA,"ATL","W 19-13",15,25,60,165,1,1,9,1,76.2
"357",357,"JAX",2022-11-27,32,"Sun",11,12,NA,"BAL","W 28-27",16,32,50,253,1,1,1,0,87.1
"358",358,"KAN",2022-11-27,24,"Sun",11,12,NA,"LAR","W 26-10",14,24,58.3,82,1,3,24,2,44.1
"359",359,"PIT",2022-11-28,34,"Mon",11,12,"@","IND","W 24-17",22,34,64.7,180,1,3,19,1,75.6
"360",360,"IND",2022-11-28,28,"Mon",12,12,NA,"PIT","L 17-24",20,28,71.4,151,0,3,23,0,84.1
"361",361,"BUF",2022-12-01,36,"Thu",12,13,"@","NWE","W 24-10",22,36,61.1,182,1,1,13,0,83.3
"362",362,"NWE",2022-12-01,33,"Thu",12,13,NA,"BUF","L 10-24",22,33,66.7,223,2,2,0,0,106
"363",363,"MIA",2022-12-04,41,"Sun",12,13,"@","SFO","L 17-33",27,41,65.9,230,2,4,36,1,86.4
"364",364,"TEN",2022-12-04,41,"Sun",12,13,"@","PHI","L 10-35",30,41,73.2,386,3,2,5,0,126.7
"365",365,"DAL",2022-12-04,37,"Sun",12,13,NA,"IND","W 54-19",21,37,56.8,203,2,3,30,3,56.5
"366",366,"SFO",2022-12-04,34,"Sun",12,13,NA,"MIA","W 33-17",18,34,52.9,275,2,3,20,3,62.7
"367",367,"HOU",2022-12-04,22,"Sun",12,13,NA,"CLE","L 14-27",12,22,54.5,130,0,1,1,1,53.2
"368",368,"DEN",2022-12-04,37,"Sun",12,13,"@","BAL","L 9-10",30,37,81.1,182,0,4,16,2,64.6
"369",369,"CLE",2022-12-04,39,"Sun",12,13,"@","HOU","W 27-14",20,39,51.3,201,1,0,0,2,53.5
"370",370,"DET",2022-12-04,34,"Sun",12,13,NA,"JAX","W 40-14",19,34,55.9,171,1,2,14,0,79.4
"371",371,"LAR",2022-12-04,39,"Sun",12,13,NA,"SEA","L 23-27",28,39,71.8,348,3,4,19,1,114
"372",372,"CIN",2022-12-04,27,"Sun",12,13,NA,"KAN","W 27-24",16,27,59.3,211,1,2,12,0,96.4
"373",373,"GNB",2022-12-04,25,"Sun",13,13,"@","CHI","W 28-19",20,25,80,254,0,0,0,2,75.7
"374",374,"ATL",2022-12-04,28,"Sun",13,13,NA,"PIT","L 16-19",16,28,57.1,197,1,0,0,0,90.9
"375",375,"SEA",2022-12-04,26,"Sun",12,13,"@","LAR","W 27-23",14,26,53.8,148,0,4,30,2,38.6
"376",376,"BAL",2022-12-04,22,"Sun",12,13,NA,"DEN","W 10-9",17,22,77.3,184,0,2,5,0,101.3
"377",377,"MIN",2022-12-04,58,"Sun",12,13,NA,"NYJ","W 27-22",31,58,53.4,366,0,1,3,2,58.5
"378",378,"LVR",2022-12-04,47,"Sun",12,13,NA,"LAC","W 27-20",28,47,59.6,314,1,5,21,0,86.7
"379",379,"LAC",2022-12-04,30,"Sun",12,13,"@","LVR","L 20-27",16,30,53.3,250,2,0,0,1,89.6
"380",380,"PIT",2022-12-04,24,"Sun",12,13,"@","ATL","W 19-16",13,24,54.2,160,1,1,7,1,71.5
"381",381,"PHI",2022-12-04,26,"Sun",12,13,NA,"TEN","W 35-10",16,26,61.5,122,1,6,35,0,85.7
"382",382,"NYJ",2022-12-04,35,"Sun",12,13,"@","MIN","L 22-27",21,35,60,159,1,2,14,0,80.5
"383",383,"CHI",2022-12-04,31,"Sun",13,13,NA,"GNB","L 19-28",18,31,58.1,182,1,0,0,0,85.7
"384",384,"IND",2022-12-04,30,"Sun",13,13,"@","DAL","L 19-54",20,30,66.7,165,3,1,5,1,100
"385",385,"NYG",2022-12-04,41,"Sun",12,13,NA,"WAS","T 20-20 (OT)",27,41,65.9,246,2,5,29,0,98.2
"386",386,"WAS",2022-12-04,31,"Sun",13,13,"@","NYG","T 20-20 (OT)",25,31,80.6,182,1,4,18,0,101.9
"387",387,"JAX",2022-12-04,41,"Sun",12,13,"@","DET","L 14-40",31,41,75.6,337,2,2,3,0,115.6
"388",388,"KAN",2022-12-04,31,"Sun",12,13,"@","CIN","L 24-27",25,31,80.6,279,2,1,7,0,125.7
"389",389,"TAM",2022-12-05,29,"Mon",12,13,NA,"NOR","W 17-16",21,29,72.4,232,1,2,18,0,107.3
"390",390,"NOR",2022-12-05,54,"Mon",13,13,"@","TAM","L 16-17",36,54,66.7,274,2,1,7,1,83.4
"391",391,"LAR",2022-12-08,20,"Thu",13,14,NA,"LVR","W 17-16",11,20,55,137,0,0,0,2,36.9
"392",392,"LVR",2022-12-08,35,"Thu",13,14,"@","LAR","L 16-17",22,35,62.9,211,1,4,19,0,89.1
"393",393,"MIA",2022-12-11,51,"Sun",13,14,"@","LAC","L 17-23",39,51,76.5,350,1,4,17,0,100.9
"394",394,"TEN",2022-12-11,42,"Sun",13,14,NA,"JAX","L 22-36",30,42,71.4,368,3,0,0,0,121.9
"395",395,"DAL",2022-12-11,27,"Sun",13,14,NA,"HOU","W 27-23",20,27,74.1,213,1,0,0,1,93.6
"396",396,"SFO",2022-12-11,55,"Sun",13,14,NA,"TAM","W 35-7",34,55,61.8,253,1,0,0,2,63.7
"397",397,"HOU",2022-12-11,39,"Sun",13,14,"@","DAL","L 23-27",24,39,61.5,277,1,1,7,2,70.1
"398",398,"CAR",2022-12-11,36,"Sun",13,14,"@","SEA","W 30-24",21,36,58.3,241,3,3,23,2,83.2
"399",399,"DEN",2022-12-11,42,"Sun",13,14,NA,"KAN","L 28-34",28,42,66.7,342,3,2,10,3,85.6
"400",400,"CLE",2022-12-11,33,"Sun",13,14,"@","CIN","L 10-23",18,33,54.5,227,2,2,12,1,83.8
"401",401,"JAX",2022-12-11,38,"Sun",13,14,"@","TEN","W 36-22",25,38,65.8,227,2,4,27,1,88.4
"402",402,"KAN",2022-12-11,44,"Sun",13,14,"@","DEN","W 34-28",27,44,61.4,214,4,6,49,2,84.8
"403",403,"MIA",2022-12-11,51,"Sun",13,14,"@","LAC","L 17-23",39,51,76.5,350,1,4,17,0,100.9
"404",404,"MIN",2022-12-11,39,"Sun",13,14,"@","DET","L 23-34",27,39,69.2,330,3,0,0,0,120.7
"405",405,"NYG",2022-12-11,31,"Sun",13,14,NA,"PHI","L 22-48",21,31,67.7,184,2,4,33,0,104.8
"406",406,"NYJ",2022-12-11,27,"Sun",13,14,"@","BUF","L 12-20",16,27,59.3,130,1,3,17,0,83.9
"407",407,"TEN",2022-12-11,42,"Sun",13,14,NA,"JAX","L 22-36",30,42,71.4,368,3,0,0,0,121.9
"408",408,"PHI",2022-12-11,32,"Sun",13,14,"@","NYG","W 48-22",23,32,71.9,181,2,7,35,0,106.4
"409",409,"PIT",2022-12-11,17,"Sun",13,14,NA,"BAL","L 14-16",11,17,64.7,94,0,2,10,0,79
"410",410,"BAL",2022-12-11,31,"Sun",13,14,"@","PIT","W 16-14",22,31,71,264,1,2,12,3,67.9
"411",411,"LAC",2022-12-11,28,"Sun",13,14,NA,"MIA","W 23-17",10,28,35.7,127,1,2,18,0,62.6
"412",412,"SEA",2022-12-11,24,"Sun",13,14,NA,"CAR","L 24-30",14,24,58.3,105,1,2,15,0,82.8
"413",413,"SFO",2022-12-11,55,"Sun",13,14,NA,"TAM","W 35-7",34,55,61.8,253,1,0,0,2,63.7
"414",414,"TAM",2022-12-11,23,"Sun",13,14,"@","SFO","L 7-35",17,23,73.9,195,2,0,0,0,128
"415",415,"ARI",2022-12-12,35,"Mon",13,14,NA,"NWE","L 13-27",24,35,68.6,225,0,1,10,1,74.1
"416",416,"NWE",2022-12-12,41,"Mon",13,14,"@","ARI","W 27-13",28,41,68.3,210,0,6,45,1,70.2
"417",417,"SEA",2022-12-15,26,"Thu",14,15,NA,"SFO","L 13-21",17,26,65.4,211,2,1,6,0,116
"418",418,"SFO",2022-12-15,44,"Thu",14,15,"@","SEA","W 21-13",31,44,70.5,207,1,3,31,0,88
"419",419,"BUF",2022-12-17,30,"Sat",14,15,NA,"MIA","W 32-29",17,30,56.7,217,2,2,17,0,101.7
"420",420,"CLE",2022-12-17,30,"Sat",14,15,NA,"BAL","W 13-3",17,30,56.7,126,0,3,12,1,52.9
"421",421,"IND",2022-12-17,55,"Sat",14,15,"@","MIN","L 36-39 (OT)",34,55,61.8,426,4,7,34,2,95
"422",422,"MIA",2022-12-17,40,"Sat",14,15,"@","BUF","L 29-32",25,40,62.5,296,4,2,8,0,118.3
"423",423,"MIN",2022-12-17,33,"Sat",14,15,NA,"IND","W 39-36 (OT)",19,33,57.6,170,1,3,12,0,81.6
"424",424,"BAL",2022-12-17,28,"Sat",14,15,"@","CLE","L 3-13",18,28,64.3,140,1,3,21,0,88.4
"425",425,"ATL",2022-12-18,19,"Sun",14,15,"@","NOR","L 18-21",13,19,68.4,214,3,2,17,0,145.6
"426",426,"CAR",2022-12-18,22,"Sun",14,15,NA,"PIT","L 16-24",17,22,77.3,169,0,1,10,0,98.5
"427",427,"CHI",2022-12-18,37,"Sun",14,15,NA,"PHI","L 20-25",22,37,59.5,309,0,1,6,2,63.9
"428",428,"CIN",2022-12-18,44,"Sun",14,15,"@","TAM","W 34-23",30,44,68.2,304,3,1,8,2,91.5
"429",429,"ARI",2022-12-18,26,"Sun",14,15,"@","DEN","L 15-24",21,26,80.8,156,1,7,41,1,88.5
"430",430,"DAL",2022-12-18,42,"Sun",14,15,"@","JAX","L 34-40 (OT)",27,42,64.3,311,4,1,7,1,108.3
"431",431,"DEN",2022-12-18,36,"Sun",14,15,NA,"ARI","W 24-15",20,36,55.6,167,0,3,6,3,33
"432",432,"DET",2022-12-18,35,"Sun",14,15,"@","NYJ","W 20-17",18,35,51.4,287,2,4,30,1,86.3
"433",433,"HOU",2022-12-18,41,"Sun",14,15,NA,"KAN","L 24-30 (OT)",36,41,87.8,313,2,2,23,0,114.7
"434",434,"JAX",2022-12-18,30,"Sun",14,15,NA,"DAL","W 40-34 (OT)",23,30,76.7,243,3,3,13,2,105.3
"435",435,"KAN",2022-12-18,29,"Sun",14,15,"@","HOU","W 30-24 (OT)",14,29,48.3,125,2,1,4,0,83.3
"436",436,"NOR",2022-12-18,26,"Sun",14,15,NA,"ATL","W 21-18",13,26,50,89,0,4,8,0,58
"437",437,"NWE",2022-12-18,38,"Sun",14,15,"@","LVR","L 24-30",20,38,52.6,211,3,3,20,1,84.4
"438",438,"NYG",2022-12-18,29,"Sun",14,15,"@","WAS","W 20-12",17,29,58.6,228,1,3,21,0,95.2
"439",439,"NYJ",2022-12-18,38,"Sun",14,15,NA,"DET","L 17-20",23,38,60.5,252,1,0,0,0,88.9
"440",440,"TEN",2022-12-18,42,"Sun",14,15,"@","LAC","L 14-17",28,42,66.7,291,0,3,22,2,66.7
"441",441,"PHI",2022-12-18,22,"Sun",14,15,"@","CHI","W 25-20",14,22,63.6,91,2,6,61,0,102.7
"442",442,"PIT",2022-12-18,23,"Sun",14,15,"@","CAR","W 24-16",14,23,60.9,188,1,4,37,0,101.4
"443",443,"LVR",2022-12-18,31,"Sun",14,15,NA,"NWE","W 30-24",13,31,41.9,112,0,0,0,0,52.1
"444",444,"LAC",2022-12-18,26,"Sun",14,15,NA,"TEN","W 17-14",18,26,69.2,157,0,4,28,1,68.9
"445",445,"TAM",2022-12-18,39,"Sun",14,15,NA,"CIN","L 23-34",27,39,69.2,184,4,2,16,1,102.9
"446",446,"WAS",2022-12-18,32,"Sun",14,15,NA,"NYG","L 12-20",21,32,65.6,160,0,0,0,0,77.6
"447",447,"GNB",2022-12-19,21,"Mon",14,15,NA,"LAR","W 24-12",12,21,57.1,84,1,5,27,1,62.4
"448",448,"LAR",2022-12-19,30,"Mon",14,15,"@","GNB","L 12-24",22,30,73.3,207,1,3,22,1,89.2
"449",449,"JAX",2022-12-22,33,"Thu",15,16,"@","NYJ","W 19-3",19,33,57.6,161,0,3,21,1,57.8
"450",450,"NYJ",2022-12-22,31,"Thu",15,16,NA,"JAX","L 3-19",20,31,64.5,218,0,1,11,0,85.1
"451",451,"ATL",2022-12-24,17,"Sat",15,16,"@","BAL","L 9-17",9,17,52.9,115,1,0,0,0,94
"452",452,"BUF",2022-12-24,28,"Sat",15,16,"@","CHI","W 35-13",18,28,64.3,129,1,2,15,1,71.9
"453",453,"CAR",2022-12-24,42,"Sat",15,16,NA,"DET","W 37-23",25,42,59.5,336,3,2,19,0,108.8
"454",454,"CHI",2022-12-24,26,"Sat",15,16,NA,"BUF","L 13-35",15,26,57.7,172,2,1,0,2,71.3
"455",455,"CIN",2022-12-24,33,"Sat",15,16,"@","NWE","W 22-18",21,33,63.6,224,2,4,16,0,103.6
"456",456,"CLE",2022-12-24,15,"Sat",15,16,NA,"NOR","L 10-17",8,15,53.3,92,0,0,0,1,44.3
"457",457,"DAL",2022-12-24,40,"Sat",15,16,NA,"PHI","W 40-34",24,40,60,355,2,0,0,2,84.9
"458",458,"DET",2022-12-24,22,"Sat",15,16,"@","CAR","L 23-37",15,22,68.2,250,1,0,0,0,121.4
"459",459,"HOU",2022-12-24,23,"Sat",15,16,"@","TEN","W 19-14",14,23,60.9,88,0,4,11,2,32.5
"460",460,"KAN",2022-12-24,40,"Sat",15,16,NA,"SEA","W 24-10",25,40,62.5,200,1,2,15,1,72.9
"461",461,"MIN",2022-12-24,42,"Sat",15,16,NA,"NYG","W 27-24",30,42,71.4,319,1,3,15,1,91.3
"462",462,"NOR",2022-12-24,31,"Sat",15,16,"@","CLE","W 17-10",15,31,48.4,125,0,2,10,1,45.8
"463",463,"NWE",2022-12-24,52,"Sat",15,16,NA,"CIN","L 18-22",40,52,76.9,369,3,2,6,2,99
"464",464,"NYG",2022-12-24,48,"Sat",15,16,"@","MIN","L 24-27",34,48,70.8,270,3,4,29,0,105.4
"465",465,"TEN",2022-12-24,32,"Sat",15,16,NA,"HOU","L 14-19",20,32,62.5,215,1,1,3,1,79.6
"466",466,"PHI",2022-12-24,35,"Sat",15,16,"@","DAL","L 34-40",27,35,77.1,304,3,6,43,1,119.2
"467",467,"PIT",2022-12-24,30,"Sat",15,16,NA,"LVR","W 13-10",16,30,53.3,143,1,3,31,3,37.9
"468",468,"LVR",2022-12-24,39,"Sat",15,16,"@","PIT","L 10-13",26,39,66.7,244,1,0,0,1,81.6
"469",469,"BAL",2022-12-24,33,"Sat",15,16,NA,"ATL","W 17-9",22,33,66.7,212,0,2,6,0,84.4
"470",470,"SEA",2022-12-24,28,"Sat",15,16,"@","KAN","L 10-24",16,28,57.1,220,2,1,4,0,106.2
"471",471,"SFO",2022-12-24,34,"Sat",15,16,NA,"WAS","W 37-20",25,34,73.5,270,3,2,19,1,113.6
"472",472,"WAS",2022-12-24,22,"Sat",15,16,"@","SFO","L 20-37",15,22,68.2,218,2,3,16,1,111.6
"473",473,"ARI",2022-12-25,48,"Sun",15,16,NA,"TAM","L 16-19 (OT)",32,48,66.7,281,1,0,0,2,71.6
"474",474,"DEN",2022-12-25,28,"Sun",15,16,"@","LAR","L 14-51",24,28,85.7,230,2,0,0,0,124.7
"475",475,"GNB",2022-12-25,25,"Sun",15,16,"@","MIA","W 26-20",16,25,64,294,1,2,16,3,78.2
"476",476,"MIA",2022-12-25,38,"Sun",15,16,NA,"GNB","L 20-26",24,38,63.2,222,1,2,16,1,76.9
"477",477,"LAR",2022-12-25,35,"Sun",15,16,NA,"DEN","W 51-14",19,35,54.3,219,1,6,40,4,43.3
"478",478,"TAM",2022-12-25,46,"Sun",15,16,"@","ARI","W 19-16 (OT)",25,46,54.3,204,0,1,17,1,56.8
"479",479,"IND",2022-12-26,31,"Mon",15,16,NA,"LAC","L 3-20",24,31,77.4,213,0,4,22,1,81.8
"480",480,"LAC",2022-12-26,29,"Mon",15,16,"@","IND","W 20-3",17,29,58.6,104,0,7,39,3,26.3
"481",481,"DAL",2022-12-29,39,"Thu",16,17,"@","TEN","W 27-13",20,39,51.3,220,1,2,12,1,66.2
"482",482,"TEN",2022-12-29,41,"Thu",16,17,NA,"DAL","L 13-27",29,41,70.7,274,2,1,8,2,84.8
"483",483,"ATL",2023-01-01,40,"Sun",16,17,NA,"ARI","W 20-19",24,40,60,213,1,2,9,0,82.6
"484",484,"CAR",2023-01-01,45,"Sun",16,17,"@","TAM","L 24-30",34,45,75.6,411,3,3,21,0,125.3
"485",485,"CHI",2023-01-01,29,"Sun",16,17,"@","DET","L 10-41",21,29,72.4,239,3,2,16,0,131.2
"486",486,"CLE",2023-01-01,28,"Sun",16,17,"@","WAS","W 24-10",16,28,57.1,124,0,3,19,3,28.6
"487",487,"IND",2023-01-01,24,"Sun",16,17,"@","NYG","L 10-38",19,24,79.2,177,2,0,0,0,125.2
"488",488,"ARI",2023-01-01,26,"Sun",16,17,"@","ATL","L 19-20",19,26,73.1,166,0,1,3,0,89.6
"489",489,"DEN",2023-01-01,42,"Sun",16,17,"@","KAN","L 24-27",29,42,69,328,3,0,0,1,106.1
"490",490,"DET",2023-01-01,21,"Sun",16,17,NA,"CHI","W 41-10",7,21,33.3,30,1,7,45,1,38.4
"491",491,"GNB",2023-01-01,35,"Sun",16,17,NA,"MIN","W 41-17",22,35,62.9,244,2,2,18,3,66.8
"492",492,"HOU",2023-01-01,29,"Sun",16,17,NA,"JAX","L 3-31",22,29,75.9,168,0,2,13,2,60.7
"493",493,"JAX",2023-01-01,44,"Sun",16,17,"@","HOU","W 31-3",25,44,56.8,193,0,2,18,0,67.7
"494",494,"KAN",2023-01-01,38,"Sun",16,17,NA,"DEN","W 27-24",26,38,68.4,190,1,4,32,1,77.7
"495",495,"MIA",2023-01-01,33,"Sun",16,17,"@","NWE","L 21-23",20,33,60.6,173,2,3,31,0,94.6
"496",496,"MIN",2023-01-01,27,"Sun",16,17,"@","GNB","L 17-41",17,27,63,152,1,1,16,0,90.4
"497",497,"NOR",2023-01-01,32,"Sun",16,17,"@","PHI","W 20-10",18,32,56.3,246,1,6,28,1,78.4
"498",498,"NWE",2023-01-01,40,"Sun",16,17,NA,"MIA","W 23-21",24,40,60,247,2,2,18,2,73.6
"499",499,"NYG",2023-01-01,27,"Sun",16,17,NA,"IND","W 38-10",17,27,63,124,1,2,17,1,70.6
"500",500,"NYJ",2023-01-01,29,"Sun",16,17,"@","SEA","L 6-23",18,29,62.1,148,2,4,35,0,98.1
"501",501,"PHI",2023-01-01,24,"Sun",16,17,NA,"NOR","L 10-20",20,24,83.3,184,0,7,45,1,81.3
"502",502,"PIT",2023-01-01,21,"Sun",16,17,"@","BAL","W 16-13",14,21,66.7,120,1,1,10,1,77.5
"503",503,"LVR",2023-01-01,35,"Sun",16,17,NA,"SFO","L 34-37 (OT)",22,35,62.9,284,2,0,0,1,95.4
"504",504,"LAR",2023-01-01,31,"Sun",16,17,"@","LAC","L 10-31",24,31,77.4,239,2,0,0,0,120.2
"505",505,"BAL",2023-01-01,27,"Sun",16,17,NA,"PIT","L 13-16",15,27,55.6,153,1,2,15,0,84.3
"506",506,"LAC",2023-01-01,19,"Sun",16,17,NA,"LAR","W 31-10",11,19,57.9,111,0,3,21,0,74.7
"507",507,"SEA",2023-01-01,46,"Sun",16,17,NA,"NYJ","W 23-6",23,46,50,204,0,4,36,2,44.1
"508",508,"SFO",2023-01-01,34,"Sun",16,17,"@","LVR","W 37-34 (OT)",23,34,67.6,365,3,0,0,2,108.1
"509",509,"TAM",2023-01-01,37,"Sun",16,17,NA,"CAR","W 30-24",23,37,62.2,326,3,2,15,1,106.4
"510",510,"WAS",2023-01-01,18,"Sun",16,17,NA,"CLE","L 10-24",9,18,50,155,3,5,14,0,119.2
"511",511,"JAX",2023-01-07,29,"Sat",17,18,NA,"TEN","W 20-16",20,29,69,165,1,4,14,1,80.4
"512",512,"KAN",2023-01-07,36,"Sat",17,18,"@","LVR","W 31-13",22,36,61.1,180,1,6,39,1,71.5
"513",513,"TEN",2023-01-07,32,"Sat",17,18,"@","JAX","L 16-20",20,32,62.5,203,1,1,9,0,91
"514",514,"LVR",2023-01-07,26,"Sat",17,18,NA,"KAN","L 13-31",18,26,69.2,181,1,2,21,0,101.6
"515",515,"ATL",2023-01-08,34,"Sun",17,18,NA,"TAM","W 30-17",22,34,64.7,136,2,0,0,0,92.3
"516",516,"BUF",2023-01-08,40,"Sun",16,18,NA,"NWE","W 35-23",26,40,65,234,3,1,9,3,74.4
"517",517,"CAR",2023-01-08,25,"Sun",17,18,"@","NOR","W 10-7",15,25,60,161,1,1,10,0,92.2
"518",518,"CHI",2023-01-08,33,"Sun",17,18,NA,"MIN","L 13-29",28,33,84.8,341,1,0,0,1,107.2
"519",519,"CIN",2023-01-08,44,"Sun",16,18,NA,"BAL","W 27-16",19,44,43.2,276,0,4,10,2,45.3
"520",520,"CLE",2023-01-08,29,"Sun",17,18,"@","PIT","L 14-28",13,29,44.8,189,1,1,6,0,78.1
"521",521,"IND",2023-01-08,40,"Sun",17,18,NA,"HOU","L 31-32",24,40,60,301,3,1,10,2,87.6
"522",522,"ARI",2023-01-08,20,"Sun",17,18,"@","SFO","L 13-38",15,20,75,142,3,4,36,0,133.7
"523",523,"DAL",2023-01-08,19,"Sun",17,18,"@","WAS","L 6-26",11,19,57.9,158,1,3,11,1,80.6
"524",524,"DEN",2023-01-08,44,"Sun",17,18,NA,"LAC","W 31-28",30,44,68.2,293,3,1,5,0,109.4
"525",525,"DET",2023-01-08,27,"Sun",17,18,"@","GNB","W 20-16",17,27,63,188,1,2,17,1,80.5
"526",526,"GNB",2023-01-08,34,"Sun",17,18,NA,"DET","L 16-20",23,34,67.6,219,0,1,5,0,85.3
"527",527,"HOU",2023-01-08,35,"Sun",17,18,"@","IND","W 32-31",23,35,65.7,202,2,2,7,2,76.1
"528",528,"MIA",2023-01-08,33,"Sun",17,18,NA,"NYJ","W 11-6",18,33,54.5,149,0,0,0,0,66.4
"529",529,"MIN",2023-01-08,27,"Sun",17,18,"@","CHI","W 29-13",13,27,48.1,141,1,1,6,2,45.4
"530",530,"NOR",2023-01-08,15,"Sun",17,18,NA,"CAR","L 7-10",5,15,33.3,32,0,2,11,2,2.8
"531",531,"NWE",2023-01-08,31,"Sun",17,18,"@","BUF","L 23-35",19,31,61.3,237,3,2,17,1,103.8
"532",532,"NYG",2023-01-08,35,"Sun",17,18,"@","PHI","L 16-22",20,35,57.1,207,0,3,22,1,62.4
"533",533,"NYJ",2023-01-08,31,"Sun",17,18,"@","MIA","L 6-11",20,31,64.5,140,0,1,12,0,74.7
"534",534,"PHI",2023-01-08,40,"Sun",17,18,NA,"NYG","W 22-16",23,40,57.5,155,1,2,13,0,74.5
"535",535,"PIT",2023-01-08,29,"Sun",17,18,NA,"CLE","W 28-14",19,29,65.5,173,2,7,57,2,75.8
"536",536,"LAR",2023-01-08,31,"Sun",17,18,"@","SEA","L 16-19 (OT)",19,31,61.3,205,1,3,8,2,64.6
"537",537,"BAL",2023-01-08,42,"Sun",17,18,"@","CIN","L 16-27",25,42,59.5,202,1,2,13,0,79.7
"538",538,"LAC",2023-01-08,24,"Sun",17,18,"@","DEN","L 28-31",13,24,54.2,266,3,2,17,1,115.6
"539",539,"SEA",2023-01-08,26,"Sun",17,18,NA,"LAR","W 19-16 (OT)",13,26,50,123,0,5,24,1,47.4
"540",540,"SFO",2023-01-08,27,"Sun",17,18,NA,"ARI","W 38-13",20,27,74.1,194,1,3,15,3,66.5
"541",541,"TAM",2023-01-08,30,"Sun",17,18,"@","ATL","L 17-30",19,30,63.3,208,2,2,16,0,106
"542",542,"WAS",2023-01-08,38,"Sun",17,18,NA,"DAL","W 26-6",14,38,36.8,118,1,1,10,1,43.5
